name,locus_tag,seq
Rhinolophus pearsonii,ABU54053.1,MSGSFWFLLSLVAVTAAQSTTEDRAKTFLDKFNHEAEDLSHESSLASWEYNTNISDENVQKMDEAGARWSAFYEEQSKLAKDYPLEEIQNSTVKLQLQILQQSGSPVLSEDKSKRLNSVLNAMSTIYSTGKVCRPNNPQECLLLEPGLDNIMGTSKDYSERLWAWEGWRAEVGKQLRPLYEEYVVLKNEMARGYHYEDYGDYWRRDYETEESPGPGYSRDQLMNDVERILTEIKPLYEHLHAYVRTKLMDTYPFHISPTGCLPAHLLGDMWGRFWTNLYPLTVPFGQKPNIDVTDAMVNQGWDANRIFKEAEKFFVSVGLPNMTEGFWNNSMLTEPGDGRKVVCHPTAWDLGKDDFRIKMCTKVTMEDFLTAHHEMGHIQYDMAYASQPYLLRNGANEGFHEAVGEVMSLSVATPKHLKTMGLLSPDFREDNETEINFLLKQALNIVGTLPFTYMLEKWRWMVFKGEIPKEEWMKKWWEMKRDIVGVVEPVPHDETYCDPASLFHVANDYSFIRYYTRTILEFQFHEALCRIAQHDGPLHKCDISNSTEAGKKLHQMLRVGKSKPWTVTLKDIVDSRNMDVGPLLRYFEPLYTWLQEQNRKSHVGWNTDWSPYADQSIKVRISLKSALGEKAYEWNDNEMYLFRSSVAYAMREYFLKTKNQTILFGDENVWVSNLKPRISFNFHVTSPGNVSDIIPRPEVEGAIRMSRSRINDAFRLDDNSLEFVGIQPTLGPPYQPPVTIWLIVFGVVMAVVVVGIVVLIITGIRDRRKTDRARSEENPYSSVDLSKGENNPGFQNGDDVQTSF
Rhinolophus landeri,ALJ94034.1,MSGSSWLFLSLVAVTAAQSTPEDLAKTFLDDFNSAAENLSYQSSLASWEYNTNISDENIQKMDEAGAKWSDFYETQSKHAKNFSLEEIHNDTVKLQLQILQQSGSPVLSEDKSKRLNSILNAMSTIYSTGKVCRPNNPQECLLLEPGLDNIMGTSKDYNERLWAWEGWRAEVGKQLRPLYEEYVVLKNEMARGYHYEDYGDYWRRDYETEGSPDLEYSRDQLTKDVERIFAEIKPLYEQLHAYVRAKLMDTYPFHISPTGCLPAHLLGDMWGRFWTNLYPLTVPFGQKPNIDVTDAMLNQTWDAKRIFKEAEKFFVSIGLPHMTEGFWNNSMLTDPGDGRKVVCHPTAWDLGKGDFRIKMCTKVTMEDFLTAHHEMGHIQYDMAYASQPYLLRNGANEGFHEAVGEVMSLSVATPKHLKTMGLLSPDFLEDNETEINFLFKQALTIVGTLPFTYMLEKWRWMVFKGEIPKEEWMTKWWEMKRKIVGVVEPVPHDETYCDPASLFHVANDYSFIRYYTRTIFEFQFHEALCRIAKHDGPLHKCDISNSTDAGKKLHQMLSVGKSQPWTSVLKDFVDSKDMDVGPLLRYFEPLYTWLKEQNRNSFVGWNTDWSPHADQSIKVRISLKSALGEKAYEWNNNEMYLFRSSVAYAMREYFSKTKNQTILFGEEDVWVSNLKPRISFNFYVTSPRNLSDIIPRPEVEGAIRMSRSRINDAFRLDDDSLEFLGIQPTLGPPYQPPVTIWLIVFGVVMAVVVVGIVVLIITGIRDRRKKDQARSEENPYSSVDLSKGETNPGFQNGDDVQTSF
Rhinolophus macrotis,ADN93471.1,MSGSFWLLLSLVAVTAAQSTTEDEAKKFLDKFNSKAEDLSYESSLASWDYNTNISDENVQKMDEAGAKWSAFYEEQSKLAKNYPLEEIQNDTVKRQLQILQQSGSPVLSEDKSKRLNSILNAMSTIYSTGKVCKPNNPQECLLLEPGLDNIMGTSKDYNERLWAWEGWRAEVGKQLRPLYEEYVVLKNEMARGYHYEDYGDYWRRDYETEESSGPGYSRDQLMKDVDRIFTEIKPLYEHLHAYVRAKLMDTYPLHISPTGCLPAHLLGDMWGRFWTNLYPLTVPFGQKPNIDVTDAMLNQGWDANRIFKEAEKFFVSVSLPKMTEGFWNKSMLTEPGDGRKVVCHPTAWDLGKGDFRIKMCTKVTMEDFLTAHHEMGHIQYDMAYASQPYLLRNGANEGFHEAVGEVMSLSVATPKHLKTMGLLSPDFREDDETEINFLLKQALNIVGTLPFTYMLEKWRWMVFKGEIPKEEWMKKWWEMKREIVGVVEPVPHDETYCDPASLFHVANDYSFIRYYTRTIFEFQFHEALCRIAQHNGPLHKCDISNSTDAGKKLHQMLSVGKSQAWTKTLEDIVDSRNMDVGPLLRYFKPLYTWLQEQNRKSYVGWNTDWSPYADQSIKVWISLKSALGEKAYEWNDNEMYLFRSSVAYAMREYFLKTKNQTILFGDENVWVSNLKPRISFNFHVTSPGNVSDIIPRPEVEGAIRMSRSRINDAFRLDDNSLEFLGIQPTLGPPYQPPVTIWLIVFGVVMAVVVVGIVVLIITGIRDRRKTDQARSEENPYPSVDLSKGENNPGFQNGDDVQTSF
Syconycteris australis,QJF77811.1,MSGSFWLLLSLVAVTAAQSTPEELAKTFLEKFNAEVEDLFYESSLASWDYNTNITDENVQKMNEARAKWSAFYEEQSKLAKTYQLDEIQDPILKLQLQILQQSGSSALSADKTKXLNTILNTMSTIYSTGKVCNPNNPQECLLLAITGLDDIMENSKDYNQRLWAWEGWRAEVGKQLRPFYEEYVVLKNEMARGENYEDYGDYWRGDYETEGVNGSAYNRDQLIEDVDRTFAEIKPLYEQLHAYVRGKLMDAYPSYISPTGCLPAHLLGDMWGRFWINLYQLTVPFEQKPNIDVTDEMVNQNWDAKRIFKEAEKFFVSLGLPNMTEKFWEKSMLTEPGNDQRVACHPTAWDLGKGDFRIIMCTKVKMEDFLTAHHEMGHIQYDMAYAAQPYLLKNGANEGFHEAVGEVISLSVATPTHLKNMGLLPPDFSEDNETEINFLLKQALNVVGTLPFTYMLEKWRWMVFQGKIPKEQWMKKWWEMKRELVGVVEPLPHDETYCDPASLFHVANDYSFIRYYTRTLFEFQFQEALCRIAQHEGPLHKCDISNSTEAGKKLXEMLSLGKSKPWTLALEGITGTKSMDVRPLLNYFEPLFTWLKDQNRNSXXXXXXXXXXADQSIKVRISLKSALGDKAYEWNDNEMYLFKSSVAYAMREYFLKAKNLTIPFGXEDVWVSDLKPRISFNFFVTAPKNVSDIIPRTEVEDAIRNRMSRSRINDAFRLNDDSLEFLGIEPTVGPPYQPPVTIWLIIFGVVMGLVVIGIVLLIFAGIRDRKRKNRERSEENPYSSVDLSKGENNPAFQNNDDVQTSF
Rhinolophus sinicus,ADN93475.1,MSGSFWLLLSLVAVTTAQSTTEDRAKTFLDEFNSEAENLSYQSSLASWDYNTNINDENVQKMDEAGAKWSAFYEEQSKLAKNYPLEQIQNVTVKLQLQILQQSGSPVLSEDKSKRLNSILNAMSTIYSTGKVCKPNKPHECLLLEPGLDNIMGTSKDYNERLWAWEGWRAEVGKQLRPLYEEYVVLKNEMARGYHYEDYGDYWRRDYETEESPGPGYSRDQLMKDVERIFTEIKPLYEHLHAYVRAKLMDTYPFHISPTGCLPAHLLGDMWGRFWTNLYPLTVPFGQKPNIDVTDEMLKQGWDADRIFKEAEKFFVSVGLPNMTEGFWNNSMLTEPGDGRKVVCHPTAWDLGKGDFRIKMCTKVTMEDFLTAHHEMGHIQYDMVYASQPYLLRNGANEGFHEAVGEVMSLSVATPKHLKTMGLLSPDFHEDNETEINFLLKQALNIVGTLPFTYMLEKWRWMVFKGEIPKEEWMKKWWEMKRKIVGVVEPVPHDETYCDPASLFHVANDYSFIRYYTRTIFEFQFHEALCRIAQHDGPLHKCDISNSTDAGKKLHQMLSVGKSQAWTKTLEDIVDSRNMDVGPLLRYFEPLYTWLQEQNRKSYVGWNTDWSPYSDQSIKVRISLKSALGENAYEWNDNEMYLFRSSVAYAMREYFLKEKHQTILFGAENVWVSNLKPRISFNFHVTSPGNLSDIIPRPEVEGAIRMSRSRINDAFRLDDNSLEFLGIQPTLGPPYQPPVTIWLIVFGVVMAVVVVGIVVLIITGIRDRRKTDQARSEENPYSSVDLSKGENNPGFQNGDDVQTSF
Rhinolophus alcyone,ALJ94035.1,MSGSSWLFLSLVAVAAAQSTPEDLAKIFLDNFNSEAENLSHQSSLASWEYNTNISDENIQKMDEAGAKWSDFYETQSKHAKNFSLEEIHNDTVKLQLQILQQSGSPVLSEDKSKRLNSILNAMSTIYSTGKVCRPNNPQECLLLEPGLDNIMGTSKDYNERLWAWEGWRAEVGKQLRPLYEEYVVLKNEMARGYHYEDYGDYWRRDYETEGSPDLEYSRDQLTKDVERIFAEIKPLYEQLHAYVRTKLMDTYPFHISPTGCLPAHLLGDMWGRFWTNLYPLTVPFAQKPNIDVTDAMLNQTWDAKRIFKEAEKFFVSIGLPHMTEGFWNNSMLTDPGDGRKVVCHPTAWDLGKGDFRIKMCTKVTMEDFLTAHHEMGHIQYDMAYASQPYLLRNGANEGFHEAVGEVMSLSVATPKHLKTMGLLSPDFLEDNETEINFLFKQALTIVGTLPFTYMLEKWRWMVFKGEIPKEEWMTKWWEMKRKIVGVVEPVPHDETYCDPASLFHVANDYSFIRYYTRTIFEFQFHEALCRIAKHDGPLHKCDISNSTDAGKKLHQMLSVGKSQPWTSVLKDFVDSKDMDVGPLLRYFEPLYTWLKEQNRNSFVGWNTDWSPYADQSIKVRISLKSALGEKAYEWNNNEMYLFRSSVAYAMREYFLKTKNQTILFGEEDVWVSNLKPRISFNFYVTSPRNLSDIIPRPEVEGAIRMSRSRINDAFRLDDNSLEFLGIQPTLGPPYQPPVTIWLIVFGVVMAVVVVGIVVLIITGIRDRRKKDQARSEENPYSSVDLSKGETNPGFQNGDDVQTSF
Myotis tricolor,QJF77803.1,MSGSSWLFLSLVAVAAAQSSTEEKAKIFLENFNSKAEDLSHESALASWNYNTNITDENVQKMNEADSKWSAFYEQQSKLAQTYPLQEIQNLTIKRQLQVLQQNGSSVLSADKSKRLNTILTTMSTIYSTGKVCNPNNPQECFTLAVTGLEDIMEKSKDYNQRLWVWEGWRSEVGKQLRPLYEEYVDLKNEMARGNNYEDYGDYWRGDYETEGEDGYNYSRNQLTEDVERIFLEIKPLYEHLHAYVRAKLMNAYPSRISPTGYLPAHLLGDMWGRFWTNLYNLTVPFEQKPNIDVTGAMVEQSWDAEKIFKEAEKFYISVGLPSMTPGFWNNSMLTEPGDGRKVVCHPTAWDLGKGDFRIKMCTKVTMDDFLTAHHEMGHIQYDMAYATQPYLLRNGANEGFHEAVGEVMSLSVATPKHLKVMGLLPPDFSEDNETEINFLLKQALNIVGTLPFTYMLEKWRWMVFKGEIPKEQWMKKWWEMKREIVGVMEPLAHDETYCDPASLFHVANDYSFIRYFTRTIFEFQFQEALCQIAKHQGPLHKCDISNSKEAGNKLLEMLKLGKSEPWTLALEKIVGTKKMDAKPLLNYFEPLFTWLKEQNGNSVGWNSDWSPYAEQSIKVRISLKSALGEKAYKWNDNEMYLFQSSIAYAMREYFLKEKKQTIPFGVENVMVNDIKPRISFKFFVTSPENVSVVIPRSEVEDAIRDRMSRSRINDAFRLDDNSLEFLGIQPTLGPPNQPPVTIWLIVFGVVMGVVVIGIAVLIFTGIRDRKKKKQAGNEENPYSSVNLSKGENNPGFQSGDDVQTSF
Myotis keaysi,QJF77801.1,MSGSSWLFLSLVAVAAAQSSTEEKAKIFLENFNSKAEDLSHESALASWNYNTNITDENVQKMNEADSKWSAFYEQQSKLAQTYPLQEIQNLTIKRQLQVLQQNGSSVLSADKSKRLSTILTTMSTIYSTGKVCNPNNLQEXXXXAITGLEEIMEKSKDYNQRLWVWEGWRSGVGKQLRPLYEEYVDLKNEMARGNNYEDYGDYWRGDYETEGEDGYNYSRNQLTEDVERIFLEIKPLYEHLHAYVRAKLVNAYPSRISPTGYLPAHLLGDMWGRFWTNLYNLTVPFEQKPNIDVTGAMVEQSWDAEKIFKEAEKFYISVGLPSMTAGFWNNSMLTEPGDGRKVVCHPTAWDLGKGDFRIKMCTKVTMDDFLTAHHEMGHIQYDMAYAIQPYLLRNGANEGFHEAVGEVMSLSVATPKHLKGMGLLPPDFSEDNETEINFLLKQALTIVGTLPFTYMLEKWRWMVFKGEIPKEQWMKKWWEMKRDIVGVMEPLPHDETYCDPASLFHVANDYSFIRYFTRTIFEFQFQEALCQIAKHQGPLHKCDISNSKEAGNKLLEMLKLGKSEPWTLALEKIVGTKKMDAKPLLNYFEPLFTWLKQQNGNSVGWNSDWSPYAEQSIKVRISLQSALGEKAYKWNDNEMYLFQSSVAYAMREYFLKKKNQTIPFGVENVRVNDVKPRISFKFFVTSPENMSVVIPRSEVEDAIRDRMSRSRINDAFRLDDNTLEFLGIQPTLGPPNQPPVTIWLIVFGVVMAVVVIGIAVLIFTGIRDRKKKKQAGNEENPYSSVNLSKGENNPGFQSGDDVQTSF
Myotis riparius,QJF77802.1,MSGSSWLFLSLVAVAAAQSSTEEKAKIFLENFNSKAEDLSHESALASWNYNTNITDENVQKMNEADSKWSAFYEQQSKLAQTYPLQEIQNLTIKRQLQVLQQNGSSVLSADKSKRLSTILTTMSTIYSTGKVCNPNNLQECFTLAVTGLEEIMEKSKDYNQRLWVWEGWXSGVGKQLRPLYEEYVDLKNEMARGNNXEDXGDYWRGDYETEGEDGYNYSRNQLTEDVERIFLEIKPLYEHLHAYVRAKLVNAYPSRISPTGYLPAHLLGDMWGRFWTNLYNLTVPFEQKPNIDVTGAMVEQSWDAEKIFKEAEKFYISVGLPSMTAGFWNNSMLTEPGDGRKVVCHPTAWXLGXGDFRIKMCTKVTMDDFLTAHHEMGHIQYDMAYAIQPYLLRNGANEGFHEAVGEVMSLSVATPKHLKGMGLLPPDFSEDNETEINFLLKQALTIVGTLPFTYMLEKWRWMVFKGEIPKEQWMKKWWEMKRDIVGVMEPLPHDETYCDPASLFHVANDYSFIRYFTRTIFEFQFQEALCQIAKHQGPLHKCDISNSKEAGNKLLEMLKLGKSEPWTLALEKIVGTKKMDAKPLLNYFEPLFTWLKXQNGNSVGWNSDWSPYAEQSIKVRISLQSALGEKAYKWNDNEMYLFQSSVAYAMREYFLKEKNQTIPFGVENVRVNDIKPRISFKFFVTSPENMSVVIPRSEVEDAIRDRMSRSRINDAFRLDDNTLEFLGIQPTLGPPNQPPVTIWLIVFGVVMAVVVIGIAVLIFTGIRDRKKKKQAGNEENPYSSVNLSKGENNPGFQSGDDVQTSF
Eptesicus brasiliensis,QJF77791.1,MSGSSWLFLSLVAVTAAQSTTEKNATIFLENFNSEAEDLSHESALASWNYNTNITDENAQKMNEADSKWSAFYEKQSKLAQTYPLQEIQNITIKRQLQVLQQNGSSVLTADKSKRLSTILTTMSTIYSTGKVCNPNNPQECLTLSVTGLEDIMEKSKDYNQRLWVWEGWRSEVGKQLRPLYEEYVVLKNEMARGNNYEDYGDYWRGDYETEGENGYNYSRSQLTEDVDRIFLEIKPLYEHLHAYVRAKLMDTYPSRISPTGCLPAHLLGDMWGRFWTNLYNLTVPFEQKPNIDVTDAMKEQSWDAEKIFKEAEKFYMSVGLPSMTPGFWNNSMLTEPGDGRKVVCHPTAWDLGKDDFRIKMCTKVTMDDFLTAHHEMGHIQYDMAYATQPYLLRNGANEGFHEAVGEVMSLSVATPKHLKGMGLLPSDFSEDNETEINFLLKQALSIVGTLPFTYMLEKWRWMVFKGEIPKEQWMKKWWEMKREIVGVVEPLPHDETYCDPASLFHVANDYSFIRYFTRTIFEFQFQEALCQIAKHQGPLHKCDISNSTEAGNKLLEMLKLGKSKPWTFALEKITGTKKMDAKPLLNYFEPLFTWLKEQNGNSAGWHSDWSPYADQSIKVRISLKSALGEKAYEWNDNEMYLFRSSVAYAMREYFSKVKNQTIPFRAEDVWVNDVKPRVSFKFFVTSPTNMSDIIPRSEVEDAIRDRMSRSRINAAFRLDDNSLEFLGIQPTLGPPYQPPVTIWLIVFGVVMGVVVIGIGVLIFTGIRDRKKKNQAGNEENPYSSVNLSKGENNPGFQSGDDVQTSF
Rousettus leschenaultii,BAF50705.1,MSGSFWLFLSLVAVTAAQSTPEELAKTFLEKFNTEAEDLFYQSSLASWDFNTNIIDENVQKMSKARATWSAFYEEQSKLAKTYQLDEIQDPELKLQLRILQQSGSSTLSADKTKRLNDILNTMSTIYSTGKICQPNNSQECLLLEPGLDDIMESSKDYSQRLWAWESWRSEVGKQLRPYYEEYVVLKNEMARGENYEDYGDYWRGDYETEGINGSAYTRDQLIEDVDRIFTEIKPLYEQLHAYVRTKLMDAYPSHISPTGCLPAHLLGDMWGRFWINLYPLTVPFEQKPNIDVTDEMVNQNWNAKRIFKEAEKFFVSLGLPNMTETFWEKSVLTEPDNDQKVACHPTAWDLGKGDFRIIMCTKVKMEDFLTAHHEMGHIQYYMAYATQPYLLRDGANEGFHEAVGEVISLSVATPNHLKNMGLLPPDFYEDNETEINFLLKQALNVVGTLPFTYMLEKWRWMVFKGEIPKEQWMEKWWEMKRELVGVVEPLPHDETYCDPASLFHVANDYSFIRYYTRTIFEFQFLEALCRIAQHEGPLYKCDIANSTEAGKKLHQMLSLGKSKPWTLALESIAGTKNMDVRPLLNYFEPLFTWLKEKNRNSFVGWSTDWSPYSGQSIKVRISLKAALGEKAYEWNDNEMYLFKSSIAYSLREYFLKVKNLTIPFGEEDVWVSDLKPRISFNFFVTSPQNVSEFIPRTEVEGAIRMSRSRINDAFRLDDDTLEFLGIEPTLGTPYQPPVTIWLIVFGVVMGLVVVGIVLLIFVGIRDRRKKNQERSEENPYSSVDLSKGENNAGFQNNDDVQTSF
Rhinolophus pusillus,ADN93477.1,MSGSSWLLLSLVAVTAAQSITEDKAKKFLNDFNSEAEDLSYQSSLASWDYNTNISDENVQKMDEAGAKWSAFYEEQSKIAKNYPLEEIQTDIVKRQLQILQQSGSPVLSEDKSKRLNSILNAMSTIYSTGKVCKPNNPQECLLLEPGLDNIMGTSKDYHERLWAWEGWRAEVGKQLRPLYEEYVVLKNEMARGYHYEDYGDYWRRDYETEESSGPGYSRDQLMKDVDRIFTEIKPLYEHLHAYVRAKLMDTYPLHISPTGCLPAHLLGDMWGRFWTNLYPLTVPFGQKPNIDVTDEMVKQGWDANRIFKEAEKFFVSVGLPNMTEGFWNNSMLTEPGDGRKVVCHPTAWDLGKGDFRIKMCTKVTMEDFLTAHHEMGHIQYDMAYASQPYLLRNGANEGFHEAVGEVMSLSVATPKHLKTMGLLSPDFREDDETEINFLLKQALNIVGTLPFTYMLEKWRWMVFKGEIPKEEWMKKWWEMKREIVGVVEPVPHDETYCDPASLFHVANDYSFIRYYTRTIFEFQFHEALCRIAQHNGPLHKCDISNSTDAGKKLHQMLSVGKSQAWTKTLEDIVGSRNMDVGPLLRYFKPLYTWLQEQSRKSYVGWNTDWSPYSDQSIKVRISLKSALGENAYEWNDNEMYLFRSSVAYAMREYFLKTKNQTILFRDENVWVSNLKPRISFNFHVTSPENVSDIIPRSEVEGAIRMSRSRINDAFRLDDNSLEFLGIQPTLGPPYQPPVTIWLIVFGVVMAVVVVGIVVLIITGIRDRRKADQARSEENPYPSVDLSKGENNPGFQNGDDVQTSF
Aeorestes cinereus,QJF77796.1,SGPFWLFLSLVAVTAAQSPTEDMAWTFLKNFSSQAEDLSHESALASWNYNTNITNENAQKMNEADSKWSAFYEAQSKLAQTYPLQQIQNLTIKRQLQILQQNGSSVLTAEKSKRLSTILTTMSTIYSTGKVCNPNNPQECFTLSVTGLEDIMEKSKDYNQRLWVWEGWRSEVGKQLRPLYEEYVVLKNEMARGNNYEDYGDYWRADYETEGANGYNYSRNQLAEDVDRIFLEIKPLYEHLHAYVRAKLMDAYPSRISPTGCLPAHLLGDMWGRFWTNLYNLTVPFEQKPNIDVTGAMKEQSWDAEKIFREAEKFYVSVGLPRMTPGFWSNSMLTEPADGRKVVCHPTAWDLGKDDFRIKMCTKVTMDDFLTVHHEMGHIQYDMAYASQPYLLRNGANEGFHEAVGEVMSLSVATPKHLKGMGLLPSDFSEDDETEINFLLKQALNIVGTLPFTYMLEKWRWMVFKGEIPKEQWMKKWWEMKRDIVGVVEPLPHDETYCDPASLFHVANDYSFIRYFTRTIFEFQFQEALCQIAKHQGPLHKCDISNSTDAGAKLLEMLKLGKSEPWTLALEKIAGTKKMDAKPLLNYFEPLFSWLKKQNGNAVGWASXXXXXADQSIKVRISLKSALGEKAYEWNDNELYLFRSSVAYAMREYFLKVRNQTVPFRAEDVWVSDRKPRISFKFFVTSPQNESDIIPRSEVEEAIGDRMSRSRINDAFRLDDNSLEFLGIQPTLGPPYQPPVTVWLIVFGIVMGVVVIGIGVLIFTGIRDRKKKNEEGNEENPYSSMNLSKGENNPGFQNGDDVQTSF
Kerivoula pellucida,QJF77795.1,MSGPTWLFLSLVAVASAQSLTEENARIFLQNFNSQAEDLSHESALASWNYNTNITDENVQKMNEADSKWSAFYEVQSKLAQTYPLQEIQNLTIKRQLQVLQQNGSSVLSADKSKRLNTILTTMSTIYSTGKVCNPNNPQECLTLAITGLEDIMEKSKDYNQRLWVWEGWRSQVGKQLRPLYEEYVDLKNEMARGNNYEDYGDYWRGDYETEGLNGYNYSRNQLTEDVERIFLEIKPLYEQLHAYVRAKLMKAYPSRISPTGYLPAHLLGDMWGRFWTNLYNLTVPFEQKPNIDVTGAMKEQSWDAEKIFKEAEKFYMSVGLPSMTPGFWNNSMLTEPDDGRKVVCHPTAWDLGKGDFRIKMCTKVTMDDFLTAHHEMGHIQYDMAYAIQPYLLRNGANEGFHEAVGEVMSLSVATPKHLKVMGLLPPDFSEDNETEINFLLKQALNIVGTLPFTYMLEKWRWMVFKGEIPKEQWMKKWWEMKREIVGVMEPVPHDETYCDPAALFHVANDYSFIRYFTRTIFEFQFQEALCQIAKHQGPLHKCDISNSTEAGNKLLEMLKLGKSQPWTLALEKIVGTKKMDAKPLLNYFEPLFTWLKEQNGNSVGWHSDWSPYAEQSIKVRISLKSALGDKAYEWNDNEMYLFQASVAYAMRTYFSKVKNQKILFGVXNVKVNDIKPRVSFTFFVTSPGTTSDVIPRSEVEEAIRDRMSRSRINDVFRLDDNSLEFLGIQPTLGPPYQPPVTIWLIVFGVVMGVVVIGIAVLIFTGIRDRKKKNQAGNEENPYSSVNLSKGENNPGFQSGDDAQTSF
Antrozous pallidus,QJF77789.1,MYGSSWLFLSLVAVTAAQSPTEEKATKFLESFNSEAEDLSHESALASWNYNTNITDENAQKMNEADSRWSAFYEKQSKLAQTYPLQEIQNPAIKRQLQVLQQNGSSVLTEDKSKRLSTILTRMSTIYSTGQVCNPNNPQECYTLSVTGLEEIMEKSKDYHQRLWVWEGWRSGIGKQLRPLYEEYVDLKNEMARGNNYEDYGDYWRGDYETEGTNGTNYSRNQLIEDVDNIFSEIKPLYEQLHAYVRAKLMDAYPSHISPTGYLPAHLLGDMWGRFWTNLYDLTVPFEQKPNIDVTDAMKEQSWDAEKIFKEAEKFYMSVGLPAMTPGFWNNSMLTEPGDGRKVVCHPTAWDLGKGDFRIKMCTKVTMDDFLTAHHEMGHIQYDMAYASQPYLLRNGANEGFHEAVGEVMSLSVATPKHLKGMGLLPSDFSEDDETEINFLLKQALTIVGTLPFTYMLEKWRWLVFKGEIPKEQWMKKWWEMKREIVGVVEPLPHDETYCDPASLFHVANDYSFIRYFTRTIFEFQFQEALCRIAKHEGPLHKCDISNSTEAGNKLLEMLKLGKSEPWTVALEKIAGTKKMDAKPLLNYFEPLFTWLKEQNGNSVGWSSDWSPYAEQSIKVRISLMSALGEKAYEWNDNEMYLFQSSIAYAMREYFLKMHNQTIPFRXEDVKVHDRKPRVSFNFIVTSPTNMSDIIPRSEVEEAIRDRMSRSRINDAFRLDDNSLEFLGIQPTLGPPYQPPVTIWLIVFGVVMGVVVIGIGVLIFTGIRDRKKKNQARNEENPYSSVNLSKGENNPGFQSGDDVQTSF
Dobsonia viridis,QJF77815.1,MSGSFWLLLSLVAVTAAQSTPEELVKTFLEKFNTEVEDLFYQSSLASWDYNTNITDENAQKMNEARAKWSAFYDEQSKLAKTYQLDEIQDPILKLQLRILQQSGSSVLSADKTKRLNTILNTMSTIYSTGKVCEPDNPQECLLLAITGLDDIMENSKDYNQRLWAWEGWRSEVGKQLRPFYEEYVVLKNEMARGENYEDYGDYWRGDYETEGVNGSAYSRDQLIEDVDRTFAEIKPLYEQLHAYVRAKLMDAYPSHISPTGCLPAHLLGDMWGRFWINLYQXXXXFEQKPNIDVTDEMVNQNWDAKRIFKEAEKFFVSLGLPNMTENFWEKSMLTEPGTDQKVACHPTAWDLGKGDFRIIMCTKVKMEDFLTAHHEMGHIQYDMAYATQPNLLKNGANEGFHEAVGEIISLSVATPKHLKNMGLLPPDFYEDNETDINFLLKQALNVVGTLPFTYMLEKWRWMVFKGEIPKEQWMKKWWEMKRELVGVVEPLPHDETYCDPASLFHVANDYSFIRYYTRTIFEFQFQEALCRIAQHEGPLYKCDISNSTEAGKKLXXMLSLGKSKPWTLALESIAGTKNMDVRPLLNYFEPLFTWLKDQNRNSXXXXXXXXXXADQSIKVRISLKSALGEKAYEWNDNEMYLFKSSVAYAMREYFLKAKNLTIPFGXEDVWVSDLKPRISFNFFVTSPKNVSDLIPRTEVEEAIRNRMSRSRINDAFRLDDDSLEFLGIEPTLGTPYQPPVTIWLIVFGVVMGLVVVGIVLLIFVGIRDRRRKNQERSEENPYPSMDLSKGENNPGFQNNDDVQTSF
Taphozous theobaldi,QJF77840.1,MSGSSWLFLSLVAVTAAQSTTEEQAKTFLEKFNSEVEVLSFESSLASWNYNTNITDENVQKMSEAGDKLSAFYEEQYKLAKTYPLQEIQNLTIKRQLQVLQQNVLSXXXXDKSKRLNTILNEMSTIYSTGKVCNPNNPQECLLLAITGLENIMQNSSDYNQKLWAWEGWRSEVGKQLRPLYEEYVALKNEMARGNNYEDYGDYWRGDYETLGTDGYNYSRNQLIEDVERIFAEIKPLYEHLHAYVRAKLMAVYPSRISPTGCLPAHLLGDMWGRFWTNLYPLTVPFGQKPNIDVTNAMVNQGWDAERIFKEAEKFFVSIALPNMTEGFWKNSMLTEPSDGRKVVCHPTAWDLGQGDFRIKMCTKVTMEDFLTAHHEMGHIQYDMAYSTQPYLLRNGANEGFHEAVGEIMSLSVATPKHLKAMGLLPPDFYEDKETEINFLLKQALNIVGTLPFTYMLEKWRWLVFKGEIPKEQWMKKWWEMKRELVGVVEPLPHDETYCDPASLFHVANDYSFIRYFTRTILEFQFQEALCQTAQHKGPLHECDISNSTEAGSKLLXMLKLGKSKPWTFALEEIVGIKNMDVRPLLNYFEPLFTWLKDQNKNSXXXXXXXXXYAEQSIKVRISLKSALGEKAYQWNDNEMYLFRSSVAYAMREYFLKKKNQTIPFREEDVWVSDLKPRISFNFFVTLPKNVSDIIPRGEVEEAIRNRMSRSRINDAFRLDDNSLEFLGIQPTLGPSYQPPVTIWLIVFGVVIGVVVVGIAVLIFTGIRDRRKKNQARSEENPYSSVNLSKGENNPGFQNGDDVQTSF
Scotophilus dinganii,QJF77809.1,MSGSSWLFLSLVAVTAAQSSTEEKATIFLESFNSKAEDLSYESAIASWNYNTNITDENAQKMNEADSKWSAFYKEQSELAQTYPLQEIQNHTVKRQLQVLQQNGSSVLTPDKSKRLSTILTTMSTIYSTGEVCNPNNPQECLTLAVTGLEDIMEKSKDYNERLWVWEGWRSKVGKQLRPLYEEYVDLKNEMARGNNYEDYGDYWRGDYETEGTNGYSYSRNQLIEDVDRIFLEIKPLYEHLHAYVRAKLMDAYPSRISPTGGLPAHLLGDMWGRFWTNLYNLTVPFDQKPNIDVTGAMKEQYWDAEKIFKEAEKFYMSVGLPRMTPGFWNNSMLTEPGDGRKVVCHPTAWDLGKGDFRIKMCTKVTMDDFLTAHHEMGHIQYDMAYATQPYLLRNGANEGFHEAVGEVMSLSVATPKHLKVMGLLPSDFSEDNETEINFLLKQALNIVGTLPFTYMLEKWRWMVFRGEIPKEQWMKKWWEMKQEIVGVVEPVPHDETYCDPASLFHVANDYSFIRYFTRTIFEFQFQEALCQIAKHQGPLHKCDISNSTEAGQKLLEMLKLGKSEPWTLALEKIVGTKKMDAKPLLNYFEPLFTWLKEQNGHSVGWSFDWSPXANDSIKVRISLKSARGEKAYEWNDNEMYLFQSSVAYAMREYFLKEKKQTILFRVEDVCVNYVTPRISFKFLVTSPTNTSDIIPRSEVENAIRDRMSRSRINDAFRLDDNSLEFLGIQPTLAPPYQPPVTIWLIVFGVVMGVVVIGIGVLIFTGIRDRKKKNQAGNEENPYSSVNLSKGENNPGFQSGDDAQTSF
Pteropus lylei,QJF77806.1,MSGSFWLLLSLVAVTAAQSTPEELAKTFLEKFNTEVEDLFYQSSLASWDYNTNITDENVQKMNEARAKWSAFYEEQSKLAKAYQLDEIQDPILKLQLRILQQSGSSVLSADKTKRLNTILNTMSIIYSTGKVCKPDNPQECLLLPVTGLDDIMESSKDXDQRLWAWEGWRSEVGKQLRPFYEEYVVLKNEMARGENYEDYGDYWRGDYETEGTNGSAYNRDQLIEDVDRTFAEIKPLYEQLHAYVRAKLMDAYPSHISPTGCLPAHLLGDMWGRFWINLYQLTVPFEQKPNIDVTDEMVNQNWDEKRIFKEAEKFFVSLGLPNMTEKFWEKSMLTEPGNDQKVACHPTAWDLGKGDFRIIMCTKVKMEDFLTAHHEMGHIQYDMAYATQPYLLKNGANEGFHEAVGEVISLSVATPNHLKNMGLLPPDFYEDNETEINFLLKQALNVIGTLPFTYMLEKWRWMVFKGEIPKEQWMKKWWEMKRELVGVVEPLPHDETYCDPASLFHVANDYSFIRYYTRTIFEFQFQEALCRIAQHEGPLYKCDISNSTEAGKKLXEMLSLGKSKPWTLALESIVGTKNMDVRPLLNYFEPLFTWLKDQNRNSXXXXXXXXXXADQSIKVRISLKSALGDNAYEWNDNEMYLFKSSIAYAMREYFSKVKNLTIPFGXDDVWVSDLKPRISFNFFVTSPNNVSDFIPRTEVEEAIRNRMSRGRINDAFRLDDNSLEFLGIEPTLEPPYQPPVTIWLIVFGVVMGLVVVGIVLLIFAGIRDRRKKNQERSEENPYSSVDLSKGENNPGFQNNDDVQTSF
Neoromicia nanus,QJF77804.1,MSGSSWLFLSLVAVTAAQSTTEEKATIFLENFNSEAEELSHKSALASWNYNTDITNENAQKMNEADSKWSAFYEEQSKIAQTYPLQEIQNTTIKLQLQVLQQNGSSVLTADKSKRLSTILTTMSTIYSTGKVCNPNNPQECFTLSVTGLEDIMEKSKDYHQRLWVWEGWRSEVGKQLRPLYEEYVVLKNEMAKGNNYEDYGDYWRGDYETEGENGYNYSRNHLIEDVDRIFLEIKPLYEQLHAYVRAKLMDAYPSRISPNGCLPAHLLGDMWGRFWTNLYNLTVPFEQKPNIDVTDTMKEQSWDAEKIFKEAEKFYVSVGLPSMTPGFWNNSMITEPGDGRQVVCHPTAWDLGKKDFRIKMCTKVTMDDFLTAHHEMGHIQYDMAYATQPYLLRNGANEGFHEAVGEVMSLSVATPKHLKGMGLLPSDFSEDNETEINFLLKQALNIVGTLPFTYMLEKWRWMVFKGEIPKEQWMEKWWEMKREIVGVVEPLPHDETYCDPASLFHVANDYSFIRYFTRTILEFQFQEALCQIAKHQGPLHKCDISNSTEAGKKLLEMLKLGKSKPWTFALEQIAETKKMDAKPLLKYFKPLFTWLKEQNGNSVGWXXGWSPYADQSIKVRISLKSALGEKAYVWNDNEMYLFQSSVAYAMRAYFLKEKNETISFRAEDVRVSDKKDRVSFKFFVTSPTNVSDIIPRSEVENAIRDRMSRSRINDAFRLDDNTLEFLGIQPTLGPPYQPPVTIWLIVFGVVMGVVVIGIGVLIFTGIRDRKKKNQAGNEENPYSSVNLSKGENNPGFQSGDDVQTSF
Scotophilus kuhlii,QJF77810.1,MSGSSWLFLSLVAVTAAQSSTEEKATIFLESFNSKAEDLSYESAIASWNYNTNITDENAQKMNEADSKWSAFYKEQSELAQTYPLQEIQNHIVKRQLQVLQQNGSSVLTPDKSKRLSTILTTMSTIYSTGEVCNPNNPQECLTLAVTGLEDIMEKSKDYNERLWVWEGWRSKVGKQLRPLYEEYVDLKNEMARGNNYEDYGDYWRGDYETEGTNGYSYSRNQLIEDVDRIFLEIKPLYEHLHAYVRAKLVDAYPSRISPTGGLPAHLLGDMWGRFWTNLYNLTVPFDQKPNIDVTGAMKEQYWDAEKIFKEAEKFYMSVGLPRMTAGFWNNSMLTEPVDGRKVVCHPTAWDLGKGEFRIKMCTKVTMDDFLTAHHEMGHIQYDMAYATQPYLLRNGANEGFHEAVGEVMSLSVATPKHLKVMGLLPSDFSEDNETEINFLLKQALNIVGTLPFTYMLEKWRWMVFRGEIPKEQWMKKWWEMKREIVGVVEPVPHDETYCDPASLFHVANDYSFIRYFTRTIFEFQFQEALCQIAKHQGPLHKCDISNSTEAGQKLLEMLKLGKSEPWTLALEKIVGTKKMDAKPLLNYFEPLFTWLKEQNGNSVGWPTXXXXXANDSIKVRISLKSARGEKAYEWNDNEMYLFQSSVAYAMREYFLKEKNQTILFRVEDVCVNYVTPRISFKFLVTSPTNTSDIIPRSEVENAIRDRMSRSRINDAFRLDDNSLEFLGIQPTLGPPYQPPVTIWLIVFGVVMGVVVIGIGVLIFTGIRDRKKKNQAGNEENPYSSVNLSKGENNPGFQSGDDAQTSF
Taphozous melanopogon,QJF77841.1,MSGSSWLFLSLVAVTAAQSTTEEQAKTFLEKFNSEVEVLSFESSLASWNYNTNITDENVQKMSEXGDXLSAFYEEQYKLAKTYPQEXXQNLTIKRQLQVLQQNGXXXXXXDKSKRLNTILNEMSTIYSTGKVCNPNNPQECLLLAITGLENIMQNSSDYNQKLWAWEGWRSEVGKQLRPLYEEYVALKNEMARGNNYEDYGDYWRGDYETLGTDGYNYSRNQLIEDVERIFTEIKPLYEHLHAYVRAKLMAVYPSRISPTGCLPAHLLGDMWGRFWTNLYPLTVPFGQKPNIDVTNAMVNXXWDAERIFKEAEKFFVSIALPNMTEGFWKNSMLTEPSDGRKVVCHPTAWDLGQGDFRIKMCTKVTMEDFLTAHHEMGHIQYDMAYSTQPYLLRNGANEGFHEAVGEIMSLSVATPKHLKAMGLLPPDFYEDKETEINFLLKQALNIVGTLPFTYMLEKWRWLVFKGEIPKEQWMKKWWEMKRKLVGVVEPLPHDETYCXPASLFHVANDYSFIRYFTRTILEFQFQEALCQTAQHKGPLHECDISNSTEAGSKLLXMLKLGKSEPWTFALEEIVGIKNMDVRPLLNYFEPLFTWLKDQNKNSXXXXXXXXXYAEQSIKVRISLKSALGEKAYQWNDNEMYLFRSSVAYAMREYFLKKKNQTIPFREEDVWVSDLKPRISFNFFVTLPKNVSDIIPRSEVEEAIRNRMSRSRINDAFRLDDNSLEFLGIQPTLGPSYQPPVTIWLIVFGVVIGVVVVGIAVLIFTGIRDRRKKNQARSEENPYSSVNLSKGENNPGFQNGDDVQTSF
Emballonura alecto,QJF77816.1,MSVSSWLFLSLVAVTAAQPPTEEQAKTFLDKFNSEAESLSFESSLASWNYNTNITDENVQKMNEAGAKFSDFYEEQCRLAKAYPLQEIQNPTVKRQLQILQQNEPSXXXXEKSKRLNTILSSMSTIYSTTKVCNPNNTQECLLLAITGLEDIMHHSSDYNQRLWAWEGWRSEAGKQLRPLYEEYVDLKNELARGNNYEDYGDYWRGDYETEGTNGYEYSRDQLMEDVERIFAEIKPLYEHLHAYVRTKLMDVYPSRISPTGFLPAHLLGDMWGRFWTNLYPLTVPFGQKPNIDVTQAMVEXAWDAERIFKEAEKFFISVGLPKMTEGFWNNSMLTEPSDGRNVVCHPTAWDLGNGDFRIKMCTKVTMEDFLTAHHEMGHIQYDMAYAVQPYLLRSGANEGFHEAVGEIISLSVATPTHLKAMGLLPPDFYEDKETEINFLFKQALSIVGTLPFTYMLEKWRWLVFKGEIPKEQWTEKWWEMKQEIVGVVEPVSHDETYCDPATLFHVANDYSFIRYFTRTIYQFQFQEALCQLARHNGPLHKCDISNSTEAGEKLLXMLRLGKSEPWTLALENIVGKKNMDVRPLLNYFEPLFTWLQEQNRNSVXXXXXXXXMAEQSIKVRISLKSALGDKAYEWNDNEMYLFQSSIAYAMREYFLKVKNQTIPFRVEDVWVSDLKPRISFNFVVTSPKNMSDIIPRSEVEEAIRNRMSRSRINDAFRLDDNTLEFLGIQPTLGPPYQPPVTIWLIVFGVVMGVVVVGIAVLIFTGTRDRRKKSKAASEENPYSSVNLSKGENNPGFQNGDDVQTSF
Rhynchonycteris naso,QJF77807.1,MSGSSWLFLSLVAVTAAQPPTEEQAKTFLDKFNYEAEQLSFESSLASWNYNTNITDENVQKMNEAGAKFSAFYEDQSKRAKAFPVQEIQNXXXRRQLQVLQQNEXXXXXXXXXIRLNTILSTMSTIYSTGKVCNPNNPKECLLLAITGLDNIMHNSNDYSQRLWAWEGWRSEVGKQLRPLYEEYVVLKNELARGNNYEDYGDYWRGDYETEGTVGYEYSRNQLIEDVERIFAEIKPLYEHLHAYVRTKLMDVYPSHISPTGCLPAHLLGDMWGRFWTNLYPLTVPFGQKPNIDVTQAMVNKAWDAERIFKEAEKFFISVGLPKMTEGFWKNSMLTEPSDGRNVVCHPTAWDLGKNDFRIKMCTKVTMDDFLTAHHEMGHIQYDMAYAGQPYLLRNGANEGFHEAVGEIMSLSVATPKHLKAMGLLPPDFYEDKETEINFLLKQALSIVGTLPFTYMLEKWRWDVFKGKIPKEQWMKKWWEMKREIVGVVEPLPHDETYCDPASLFHVANDYSFIRYFTRTIYQFQFQEALCELAQHEGDLHKCDISNSTEAGEKLLEMLRLGKSEPWTLALKRIVGKKNMDVKPLLNYFKPLSTWLEDQNRNSXXXXXXXXXXAEQSIKVRISLKSALGDKAYEWNDNEMYLFQSSVAYAMREYFLKVKNQTILFREENVRVSDLKPRIFFNIFITSPKIVSDIIPGSEVEETIRNRMSRSRINDAFRLDDNSLEFLGIQPTLGPSYQPPVTIWLIVFGVVMGVVVVGIAVLIFTGIRDRRKKSQATSEENPYSAVNLGKGENNPGFQNGDDVQTSF
Artibeus lituratus,QJF77822.1,MSGSSWLFLSLVAVTAVQAPTEEDARTFLEKFNTEAEELYYESALASWNYNTNITEENVQKMXXXXRKWSTFYEEQSKLAKAYPLEAIKDVKVKHQLQALQQNGLSXXXXXXXXXLNTVLNTMSTIYSTGKVCKPDNPQECLLLAVTGLEDIMHNSKDYNERLWAWEGWRSKVGKQLRPLYEEYVVLKNEMAREXNYEDYGDYWRGDYETEGTNGYEYSRNQLIEDVENTFAEIKPLYEHLHAYVRAKLMDTYPSHISPTGCLPAHLLGDMWGRFWTNLYDLTAPFADKPTIDVTAAMVEQSWDAQRIFKEAEKFFMSVGLFNMTQGFWDNSMITKPDDGREVVCHPTAWDLGKNDFRIKMCTKVTMDDFLTAHHEMGHIQYDMAYANQPFLLRNGANEGFHEAVGEIMSLSVATPKHLKVLGLLPSDFQEDNETDINFLLKQALNIVGTLPFTYMLEKWRWMVFKGEIPKEQWMKKWWEMKREIVGVVEPVPHDETYCDPASLFHVANDYSFIRYYTRTIFQFQFQEALCRIAQHEGPLHKCDISNSTAAGEKLLXMLKLGKSEPWTRALEASVEEKQMDVRPLLNYFEPLFTWLKDQNRDSXXXXXXXXXXXXQSIKVRISLKSALGDKAYEWNDNEMYFFQSSIAYAMREYFSDVKDQMIPFRAEDVWVSDLKPRVSFNFFVTLPNNMSDIIPRSEVEEAIRXRKSRGRINDAFRLDDNSLEFLGIQPTLEPPYQPAVTIWLIVFGVVMGAVAAGIAVLVFTGIRDRRKXXXXXXEENPYSSVNLSKGENNPGFQNGEDLQTSF
Chiroderma salvini,QJF77829.1,MSGSSWLFFSLVAVAAVQAPTEEDARTFLEKFNTEAEELYYESALASWNYNTNITEENVQKIXEADRKWSTFYEEQSKLAKAYPLEAIKDVKVKHQLQALQQNGLSXXXXXXXXXLNTILNTMSTIYSTGKVCKPDNPQECLLLAVTGLEDIMHNSKDYNERLWAWEGWRSKVGKQLRPLYEEYVVLKNEMAREXNYEDYGDYWRGDYETEGTNGYEYSRNQLIEDVENTFAEIKPLYEHLHAYVRAKLMDTYPSHISPTGCLPAHLLGDMWGRFWTNLYNLTAPFADKPTIDVTAAMVEQSWDAQKIFKEAEKFFMSVGLFNMTQGFWDNSMITKPDDGREVVCHPTAWDLGKNDFRIMMCTKVTMDDFLTAHHEMGHIQYDMAYANQPFLLRNGANEGFHEAVGEIMSLSVATPKHLKVLGLLPSDFHEDNETDINFLLKQALNIVGTLPFTYMLEKWRWMVFKGEIPKEQWMKKWWEMKREIVGVVEPVPHDETYCDPASLFHVANDYSFIRYYTRTIFQFQFQEALCRIAQHEGPLHKCDISNSTAAGEKLLXMLKLGKSEPWTRALETFVEKKQMDVSPLLNYFEPLFTWLKDQNRNSFXXXXXXXPDTAQSIKVRISLKSALGDKAYEWNDNEMYFFQSSIAYAMREYFSDFKNQMIPFRAEDVWVSDLKPRVSFNFFVTSPNNVSDIIPRSEVEEAIRYRKSRGRINDAFRLDDNSLEFLGIQPTLEPPYQPTVTIWLIVFGVVMGAVVAGIAVLVFTGIRDRRKXXXXXXXXNPYSSMNLSKGESNLGFQNGDDVQTSF
Artibeus phaeotis,QJF77823.1,MSGSSWLFLSLVAVTAVQAPTEEDARTFLEKFNTEAEELYYESALASWNYNTNITEENVQKMXXXXRKWSTFYEEQSKLAKAYPLEAIKDVKIKHQLQALQQNGLSXXXXXXXXXLNTVLNTMSTIYSTGKVCKPDNPQECLLLAVTGLEDIMHNSKDYNERLWAWEGWRSKVGKQLRPLYEEYVVLKNEMAREXNYEDYGDYWRGDYETEGTNGYEYSRNQLIEDVENTFAEIKPLYEHLHAYVRAKLMDTYPSHISPTGCLPAHLLGDMWGRFWTNLYDLTAPFADKPTIDVTAAMVEQSWDAQKIFKEAEKFFMSVGLFNMTQGFWDNSMITKPDDGREVVCHPTAWDLGKNDFRIKMCTKVTMDDFLTAHHEMGHIQYDMAYANQPFLLRNGANEGFHEAVGEIMSLSVATPKHLKVLGLLPSDFHEDNETDINFLLKQALNIVGTLPFTYMLEKWRWMVFKGEIPKEQWMKKWWEMKREIVGVVEPVPHDETYCDPASLFHVANDYSFIRYYTRTIFQFQFQEALCRIAQHEGPLHKCDISNSTAAGEKLLXMLKLGKSEPWTRALEASVEEKQMDVRPLLNYFEPLFTWLKDQNRNSXXXXXXXXXXXXQSIKVRISLKSALGDKAYEWNDNEMYFFQSAIAYAMREYFSDVKDQMIPFRAEDVWVSDLKPRVSFNFFVTLPNNMSDIIPRSEVEEAIRXRKSRGRINDAFRLDDNSLEFLGIQPTLEPPYQPAVTIWLIVFGVVMGAVAAGIAVLVFTGIRDRRKXXXXXXEENPYSSVNLSKGENNPGFQNGDDVQTSF
Uroderma bilobatum,QJF77842.1,MSGSSWLFLSLVAVAAVQAPTEEDARTFLEKFNTEAEELYYESALASWNYNTNITEENVQKMNEADRKWSTFYEEQSKLAKAYPLEAIKDVKVKYQLQALQQNGLSXXXXXXXXXLNTILNTMSTIYSTGKVCKPDNPQECLLLAVTGLEDIMHNSKDYNERLWAWEGWRSKVGKQLRPLYEEYVVLKNEMAREKNYEDYGDYWRGDYETEGTNGYEYSRSQLIEDVENTFAEIKPLYEHLHAYVRAKLMDTYPSHISPTGCLPAHLLGDMWGRFWTNLYDLTAPFADKPTIDVTAAMVEQSWDAQKIFKEAEKFFMSVGLFNMTQGFWDNSMITKPDDGREVVCHPTAWDLGKNDFRINMCTKVTMDDFLTAHHEMGHIQYDMAYANQPFLLRNGANEGFHEAVGEIMSLSVATPKHLKVLGLLPSDFHEDNETDINFLLKQALNIVGTLPFTYMLEKWRWMVFKGEIPKEQWMKKWWEMKREIVGVVEPVPHDETYCDPATLFHVANDYSFIRYYTRTIFQFQFQEALCQIAQHEGPLHKCDISNSTAAGEKLLXMLKLGKSEPWTRALETFVEKKQMDVRPLLNYFEPLFTWLKDQNRNSLXXXXXXXXXXXQSIKVRISLKSALGDKAYEWNDNEMYFFQSSIAYAMREYYSNFKNQMIPFXAEDVWVSDLKPRVSFNFFVTSPNNMSDTIPRSEVEEAIRYRKSRGRINDAFRLDDNSLEFLGIQPTLEPPYQPAVTIWLIVFGVVMGAVMAGIAVLVLTGIRDRRKXXXXXXEENPYSSVNLSKGESNLGFQNGDDVQTSF
Artibeus jamaicensis,QJF77821.1,MSGSSWLFLSLVAVTAVQAPTEEDARTFLEKFNTEAEELYYESALASWNYNTNITEENVQKMNEADRKWSTFYEEQSKLAKAYPLEAIKDVKVKHQLQALQQNGLSXXXXXXXXXLNTVLNTMSTIYSTGKVCKPDNPQECLLLAVTGLEDIMHNSKDYNERLWAWEGWRSKVGKQLRPLYEEYVVLKNEMAREXNYEDYGDYWRGDYETEGTNGYEYSRNQLIEDVENTFAEIKPLYEHLHAYVRAKLMDTYPSHISPTGCLPAHLLGDMWGRFWTNLYDLTAPFADKPTIDVTAAMVEQSWDAQRIFKEAEKFFMSVGLFNMTQGFWDNSMITKPDDGREVVCHPTAWDLGKNDFRIKMCTKVTMDDFLTAHHEMGHIQYDMAYANQPFLLRNGANEGFHEAVGEIMSLSVATPKHLKVLGLLPSDFHEDNETDINFLLKQALNIVGTLPFTYMLEKWRWMVFKGEIPKEQWMKKWWEMKREIVGVVEPVPHDETYCDPASLFHVANDYSFIRYYTRTIFQFQFQEALCRVAQHEGPLHKCDISNSTAAGEKLLXMLKLGKSEPWTRALEASVEEKQMDVRPLLNYFEPLFTWLKDQNRDSXXXXXXXXXXXXQSIKVRISLKSALGDKAYEWNDNEMYFFQSSIAYAMREYFSDIKDQTIPFRAEDVWVSDLKPRVSFNFFVTLPNNMSDIIPRSEVEEAIRXRKSRGRINDAFRLDDNSLEFLGIQPTLEPPYQPAVTIWLIVFGVVMGAVAAGIAVLIFTGIRDRRKXXXXXXEENPYSSVNLNKGENNPGFQNGEDLQTCF
Artibeus glaucus watsoni,QJF77824.1,MSGSSWLFLSLVAVTAVQAPTEEDARTFLEKFNTEAEELYYESALASWNYNTNITEENVQKMXXXXXXWSTFYEEQSKLAKAYPLEAIKDVKIKHQLQALQQNGLSXXXXXXXXXLNTVLNTMSTIYSTGKVCKPDNPQECLLLAVTGLEDIMHNSKDYNERLWAWEGWRSKVGKQLRPLYEEYVVLKNEMAREXNYEDYGDYWRGDYETEGTNGYEYSRNQLIEDVENTFAEIKPLYEHLHAYVRAKLMDTYPSHISPTGCLPAHLLGDMWGRFWTNLYDLTAPFADKPTIDVTAAMVEQSWDAQKIFKEAEKFFMSVGLFNMTQGFWDNSMITKPDDGREVVCHPTAWDLGKNDFRIKMCTKVTMDDFLTAHHEMGHIQYDMAYANQPFLLRNGANEGFHEAVGEIMSLSVATPKHLKVLGLLPSDFHEDNETDINFLLKQALNIVGTLPFTYMLEKWRWMVFKGEIPKEQWMKKWWEMKREIVGVVEPVPHDETYCDPASLFHVANDYSFIRYYTRTIFQFQFQEALCRIAQHEGPLHKCDISNSTAAGEKLLXMLKLGKSEPWTRALEASVEEKQMDVRPLLNYFEPLFTWLKDQNRNSXXXXXXXXXXXXQSIKVRISLKSALGDKAYEWNDNEMYFFQSAIAYAMREYFSDVKDQMIPFRAEDVWVSDLKPRVSFNFFVTLPNNMSDIIPRSEVEEAIRXRKSRGRINDAFRLDDNSLEFLGIQPTLEPPYQPAVTIWLIVFGVVMGAVAAGIAVLVFTGIRDRRKXXXXXXEENPYSSVNLSKGENNPGFQNGDDVQTSF
Balantiopteryx plicata,QJF77825.1,MSGSSWLFLSLVAVTAAQPPTEEQAKTFLDNFNYEAEELSFKSSLASWNYNTNITDENVQKMNEAGANFSAFYEKQSKLAKAYPLQEIRNSTIRRQLQILQQNXXXXXXXXXXXXLNTILSTMSTIYSTGKVCSPNNTQECLLLXTTGLENIMHNSRDYNQRLWAWEGWRSEVGKQLRPLYEEYVVLKNELARGNXYEDYGDYWRGDYETEGTDGYEYSRNQLSEDVERVFAEIKPLYEHLHAYVRTKLMDVYPSHISPTGYLPAHLLGDMWGRFWTNLYPLTVPFPQKPNIDVTQAMVNQSWDAERIFKEAEKFFISVGLPKMTEGFWKNSMLTEPSDGRNVVCHPTAWDLGKKDFRIKMCTKVTMEDFLTAHHEMGHIQYDMAYAEQPYLLRNGANEGFHEAVGEIMSLSVATPKHLKAMGLLPPDFYEDRETEINFLLKQALTIVGTLPFTYMLEKWRWMVFKGEIPKEQWMKKWWEMKREIVGVMEPVPHNETYCDPASLFHVANDYSFIRYFTRTIYQFQFQEALCQLARHEGPLHKCDISNSTEAGEKLLXMLRFGKSEPWTFALERIVGKKNMDVRPLLNYFEPLFTWLKDQNKNSXXXXXXXXXXADQSIKVRISLKSALGDKAYEWNDNEMYLFRSSVAYAMRKYFLKVKNQTVPFRXXYMWVSVLKPRISFNFFIMSPKSVSDIIHGSEVEETLRNRMSRSRINDAFRLDDNSLEFLGIQPTLGPPYQPPVTIWLIVFGVVMGVVVVGISLLIFTGIRDRRKKSQATSEENPYSSMNLGKGENNPGFQNGDDVQTSF
Chiroderma villosum,QJF77830.1,MSGSSWLFFSLIAVAAVQAPTEEDARTFLEKFNTEAEELYYESALASWNYNTNITEENVQKIXEADRKWSTFYEEQSKLAKAYPLEVIKDVKVKHQLQALQQNGLSXXXXXXXXXLNTILNTMSTIYSTGKVCKPDNPQECLLLAVTGLEDIMHNSKDYNERLWAWEGWRSKVGKQLRPLYEEYVVLKNEMAREXNYEDYGDYWRGDYETEGTNGYEYSRNQLIEDVENTFAEIKPLYEHLHAYVRAKLMDTYPSHISPTGCLPAHLLGDMWGRFWTNLYNLTAPFADKPTIDVTAAMVEQSWDAQKIFKEAEKFFMSVGLFNMTQGFWDNSMITKPDDGREVVCHPTAWDLGKNDFRIMMCTKVTMDDFLTAHHEMGHIQYDMAYANQPFLLRNGANEGFHEAVGEIMSLSVATPKHLKVLGLLPSDFHEDNETDINFLLKQALNIVGTLPFTYMLEKWRWMVFKGEIPKEQWMKKWWEMKREIVGVVEPMPHDETYCDPASLFHVANDYSFIRYYTRTIFQFQFQEALCRIAQHEGPLHKCDISNSTAAGEKLLXMLKLGKSEPWTRALETFVEKKQMDVSPLLNYFEPLFTWLKDQNRNSFXXXXXXXPDTAQSIKVRISLKSALGDKAYEWNDNEMYFFQSSIAYAMREYFSNFKNQMIPFRAEDVWVSDLKPRVSFNFFVTSPNNVSDIIARSEVEEAIRYRKSRGRINDAFRLDDNSLEFLGIQPTLEPPYQPTVTIWLIVFGVVMGAVVAGIAVLVFTGIRDRRKXXXXXXXXNPYSSMNLSKGESNLGFQNGDDVQTSF
Cynopterus sphinx,QJF77831.1,MSGSFWLLLSLVAVTAAQSTPEELATTFLEKFNTEVEDLFYQSSLASWDYSTNITDENVQKMNEARAKWSAFYEEQSKLAKTHQLDEIQDPILKLQLQILQQSGSSVLSADKTKRLNTILNTMSTIYSTGKVCKPNNPQECLQXXXTGLDDIMESSQDYNQRLWAWEGWRSEVGKRLRPFYEEYVVLKNEMARGDNYEDYGDYWRGDYETEGGNGSAYSRDQLIEDVDRTFAEIKPLYEQLHAYVRAKLMDAYPSYISPTGCLPAHLLGDMWGRFWTNLYQLTVPFEQKPNIDVTDEMVNQNWDAKRIFKEAEKFFVSLGLPNMTEGFWEKSMLTEPGNDQKVACHPTAWDLGKHDFRILMCTKVKMEDFLTAHHEMGHIQYDMAYDEQPYLLRNGANEGFHEAVGEVISLSVATPNHLKNMGLLPPDFSEDNETEINFLLKQALNVVGTLPFTYMLEKWRWMVFKGEIPKEQWMEKWWEMKRELVGVVEPLPHDETYCDPASLFHVANDYSFIRYYTRTIFEFQFQEALCRIAQHEGPLHKCDISNSTEAGKKLXXMLSLGKSKPWTLALENITGTKTMDVRPLLNYFDPLLTWLKEQNRNSXXXXXXXXXXADQSIKVRISLKSALGENAYEWNDNEMYLFKSSIAFAMREYYLKAKNLTIPFGXXXXWVSDLKPRISFYFFVTSPQNVSESIPRTEVEGAIRYRMSRSRINDAFRLDDDSLEFLGIEPTLGTPYQPPVATWLIVFGVVMGLVVVGIVLLIFVGIRDRRKKNQERSEENPYSSMELSKGENNPGFQNNDDVQTSF
Platyrrhinus helleri,QJF77834.1,MSGSSWLFFSLVAVAAVQAPTEEDARTFLEKFNTEAEELYYESALASWNYNTNITEENVQKIXEADRKWSTFYEEQSKLAKAYPLEAIKDAKVKHQLQALQQNGLSXXXXXXXXXLNTILNTMSTIYSTGKVCKPDNPQECLLLAVTGLEDIMHNSKDYNERLWAWEGWRSKVGKQLRPLYEEYVVLKNEMAREXNYEDYGDYWRGDYETEGTNGYEYSRNQLIEDVENTFAEIKPLYEHLHAYVRAKLMDAYPSHISPTGCLPAHLLGDMWGRFWTNLYNLTAPFADKPTIDVTAAMVEQSWDAQKIFKEAEKFFMSVGLFNMTQGFWDNSMITKPDDGREVVCHPTAWDLGKNDFRIKMCTKVTMDDFLTAHHEMGHIQYDMAYANQPFLLRNGANEGFHEAVGEIMSLSVATPKHLKVLGLLPSDFHEDNETDINFLLKQALNIVGTLPFTYMLEKWRWMVFKGEIPKEQWMKKWWEMKREIVGVVEPVPHDETYCDPATLFHVANDYSFIRYYTRTIFQFQFQEALCQIAQHEGPLHKCDISNSTAAGEKLLXMLKLGKSEPWTRALETSVEKKQMDVRPLLNYFEPLFTWLKDQNRNSXXXXXXXXXXXXQSIKVRISLKSALGDKAYEWNDNEMYFFQSSIAYAMREYFSDFENQMIPFRAEDVWVSDLKPRVSFNFFVTSPNNMSDIIPRSEVEEAIRYRKSRGRINDAFRLDDNSLEFLGIQPTLEPPYQPAVTIWLIVFGVVMGAVVAGIAVLVLAGIRDRRKXXXXXXXXNPYSSVNLNKGESNLGFQNGDDVQTSF
Carollia castanea,QJF77827.1,MSGSSWLFLSLVAVAAAQTPTEEEARTFLEKFNTEAEELYHELSLASWNYNTNITDENVQKXXXANRKWSTFYEEQSKLAKAYPLETIKDVKVKHQLQDLQQSGLSXXXXXXXXXLNTILNTMSTIYSTGKVCKPNNPQECLLLAVTGLEDIMHNSKDYNERLWAWEGWRSKVGKQLRPLYEEYVVLNNEMAREXNYEDYGDYWRGDYETEGTSDYEYSRKQLIEDVENTFAEIKPLYEHLHAYVRAKLMDTYPSHISPTGCLPAHLLGDMWGRFWTNLYNLTAPFADKPTIDVTAAMVEQSWDAQKIFREAEKFFMSVGLPNMTQGFWDNSMLTKPDDGREVVCHPTAWDLGKNDFRIKMCTKVTMDDFLTAHHEMGHIQYDMAYADQPFLLRNGANEGFHEAVGEIMSLSVATPKHLKVLGLLPSDFHEDNETDINFLLKQALNIVGTLPFTYMLEKWRWMVFKGEIPKEQWMKKWWEMKREIVGVVEPMPHDETYCDPASLFHVANDYSFIRYYTRTIFQFQFQEALCRIAQHEGPLHKCDISNSTAAGEKLLXMLKLGKSDPWTRALETFVGKKRMDVRPLLNYFEPLFTWLKDQNRNSXXXXXXXXXXAAQSIKVRISLKSALGXXXYEWNDNEMYFFQSSIAYAMREYSSNFKNQTVPFXGEDVWVSDLKPRISFNFFVTLPNSVSDIIPRSEVEEAIRXRKSRSRINDAFRLDDNTLEFLGIQPTLTPPYQPAVTIWLIVFGVMMGMIVVGIVVLIFTGIRDRRKXXXXXXEENPYSSVNLSKGESNPGFQNGDDVQTSF
Platyrrhinus vittatus,QJF77835.1,MSGSSWLFLSLVAVAAVQAPTEEDARTFLEKFNTEAEELYYESALASWNYNTNITEENVQKIXEADRKWSTFYEEQSKLAKAYPLEAIKDVKVKHQLQALQQNGLSXXXXXXXXXLNTILNTMSTIYSTGKVCKPDNPQECLLLAVTGLEDIMHNSKDYNERLWAWEGWRSKVGKQLRPLYEEYVVLKNEMAREXNYEDYGDYWRGDYETEGTNGYEYSRNQLIEDVENTFAEIKPLYEHLHAYVRAKLMDAYPSHISPTGCLPAHLLGDMWGRFWTNLYNLTAPFADKPTIDVTAAMVEQSWDAQKIFKEAEKFFMSVGLFNMTQGFWDNSMITKPDDGREVVCHPTAWDLGKNDFRIKMCTKVTMDDFLTAHHEMGHIQYDMAYANQPFLLRNGANEGFHEAVGEIMSLSVATPKHLKVLGLLPSDFHEDNETDINFLLKQALNIVGTLPFTYMLEKWRWMVFKGEIPKEQWMKKWWEMKREIVGVVEPVPHDETYCDPATLFHVANDYSFIRYYTRTIFQFQFQEALCQIAQHEGPLHKCDISNSTAAGEKLLXMLKLGKSEPWTRALETSVEKKQMDVRPLLNYFEPLFTWLKNQNRNSXXXXXXXXXXXXQSIKVRISLKSALXXXXYEWNDNEMYFFQSSIAYAMREYFSDSENQMIPFRAEDVWVSDLKPRVSFNFFVTSPDNMSDIIPRSEVEEAIRYRKSRGRINDAFRLDDNSLEFLGIQPTLEPPYQPAVTIWLIVFGVVMGAVVAGIAVLVFTGIRDRRKXXXXXXXXNPYSSVNLNKGESNLGFQNGDDVQTSF
Saccopteryx bilineata,QJF77808.1,MSGSCWLILSLVAVTAAQPSTENEAKTFLDRFNYEAEQLSFESSLASWNYNTNITDENVQKMNEAGAKFSEFYEDRCMRAKDFSPQQIQNPTIRRQLQILQQNEXXXXXXXXXISLNTILSTMSTIYSTGKLCSPNNSQECLLLXITGLDNIMHNSSDYNQRLWAWEGWRSEVGKQLRPLYEEYVALKNEFARGNNYKDYGDYWRGDYETEGTVDYEYNRSQLIKDVDRIFEEIKPLYEHLHAYVRKKLMDVYPSRISPTGCLPAHLLGDMWGRFWTNLYPLTVPFGQKPNIDVTQAMVXXXWDAERIFKEAEKFFMSVGLPNMTEGFWKNSMLTEPSDGRNVVCHPTAWDLGKNDFRIKMCTKVTMDDFLTAHHEMGHIQYDMAYAEQPYLLRSGANEGFHEAVGEIMSLSVATPKHLKAMGLLPPDFYEDQETEINFLLKQALTIVGTLPFTYMLEKWRWDVFKGEIPKEQWMKKWWEMKREIVGVVEPVPHDETYCDPATLFHVANDYSFIRYFTRTIYQFQFQEALCELAQHEGDLHKCDISNSTEAGKKLLEMLRLGKSEPWTLALERIVGKKNMDVKPLLNYFKPLSTWLEEQNKDSXXXXXXXXXXXEQSIKVRISLKSALGDKAYKWNDNEMYFFRSSVAYSMRKYFLKVKNQTVPFREEDVWVSDLKPRISFKFFVTSPKNLSDIIPRSEVEEAIRNRMSRSRINDAFRLDDNSLEFLGIQPTLGPSYQPPVTIWLIVFGVVMGVVVAGIGVLLFTGIRDRRKKRQATSEENPYPSVNLSKGENNPGFQNGDDVQTSF
Glossophaga soricina,QJF77794.1,MSGSSWLFLSLVAVAAAQTPTEEEARTFLETFNTEAEELYHQRSLASWDYNTNITDENVRKMNEANQRWSTFYDKMSQLAKAYPLETITDVKIKYQLQALQQSGSSXXXXXXXXXLKTILSTMSTIYSTGKVCKPNNPQECLLLAITGLEDIMHNSKDYNERLWAWEGWRAEVGKQLRPLYEEYVVQKNEMARETDYEDYGDYWRGDYEVEGTSGYGYSRNQLIEDVEDIFFQIKPLYEHLHAYVRAKLMDTYPSHMSPTGCLPAHLLGDMWGRFWTNLYNLTAPFPEKPTIDVTAAMVXQSWDAQMIFKKAEEFFRSVGLYNMTQGFWDNSMLTKPDDGREVVCHPTAWDLGKGDFRIKMCTKVTMDDFLTAHHEMGHIQYDMAYASQPFLLRNGANEGFHEAVGEIMSLSVATPKHLKALGLLPSDFHEDNETDINFLLKQALNIVGTLPFTYMLEKWRWMVFKGEIPTDQWMKKWWEMKREIVGVVEPVPHDETYCDPASLFHVANDYSFIRYYTRTIFQFQFQEALCRIAQHEGPLHKCDISNSTAAGEXXXGMLKLGKSEPWTRALNDFVGKKQMDVRPLLNYFEPLFTWLKEQNRNSVGWRTYWSPYAAESIKVRISLKSALGDQAYEWNDNEMYFFQSSIAYAMREYFSNVKNQTIPFRXEDVRVSDLKPRVSFNFFVTSPNNMLDVIPRSEVEEAIRDRKSRSRINDAFRLDDNSLEFLGIQPTVEPPYQPAVTIWLIIFGVVMGVVVIGIAVLIVTGFKERKXXXXXXXEENPYSSVNLGKGESNPGFQNGDDVQTSF
Rousettus leschenaultii,QJF77836.1,MSGSFWLFLSLVAVTAAQSTPEELAKTFLEKFNTEAEDLFYQSSLASWDFNTNIIDENVQKMSKARATWSAFYDEQSKLAKTYQLDEIQDPELKLQLRILQQSGSSTLSADKTXXLNDILNTMSTIYSTGKICQPNNSQECXXXAITGLDDIMENSKDYSQRLWAWESWRSEVGKQLRPYYEEYVVLKNEMARGDNYEDYGDYWRGDYETEGINGSAYTRDQLIEDVDRIFTEIKPLYEQLHAYVRTKLMDAYPSHISPTGCLPAHLLGDMWGRFWINLYPLTVPFEQKPNIDVTDEMVNQNWNAKRIFKEAEKFFVSLGLPNMTETFWEKSVLTEPDNDQKVACHPTAWDLGKGDFRIIMCTKVKMEDFLTAHHEMGHIQYYMAYATQPYLLRDGANEGFHEAVGEVISLSVATPNHLKNMGLLPPDFYEDNETEINFLLKQALNVVGTLPFTYMLEKWRWMVFKGEIPKEQWMEKWWEMKXXXVGVVEPLPHDETYCDPASLFHVANDYSFIRYYTRTIFEFQFLEALCQIAQHEGPLYKCDIANSTEAGKKLXXMLSLGKSKPWTLALESIAGTKNMDVRPLLNYFEPLFTWLKEKNRNSVGWXXXXPTGVHQSIKVRISLKAALGEKAYEWNDNEMYLFKSSIAYSLREYFLKVKNLTIPFGXXXXWVSDLKPRISFNFFVTSPQNVSEFIPRTEVEGAIRNRMSRSRINDAFRLDDDTLEFLGIEPTLGTPYQPPVTIWLIVFGVVMGLVVVGIVLLIFVGIRDRRKKNQERSEENPYSSVDLSKGENNAGFQNNDDVQTSF
Epomophorus wahlbergi,QJF77792.1,MSGSFWLFLSLVAVTAAQSTPEEMAKTFLEKFNTEAEDLFYQSSLASWDFNTNITDENVQKMNEARAKWSAFYEEQSKLAKTYQLDEIQDPELKLQLQILQQSGSSTLSADKTKRLNTILNTMSTIYSTGKVCKPNDPQECLQXXXTGLDDIMESSKDYNQRLWAWEGWRSEVGKQLRPFYEEYVVLKNEMARGDNYEDYGDYWRGDYETEGTNGSAYNRDQLIEDVDRTFAEIKPLYEQLHAYVRAKLMDTYPSHISPTGCLPAHLLGDMWGRFWINLYPLTVPFEQKPNIDVTDEMVNQNWNAKRIFKEAEKFFVSLGLPNMTEKFWEKSMLTDPGNDQKVACHPTAWDLGKWDFRILMCTKVKMEDFLTAHHEMGHIQYDMAYATQPYLLRNGANEGFHEAVGEVISLSVATPNHLKSMGLLPSDFYEDNETEINFLLKQALNVVGTLPFTYMLEKWRWLVFQGEIPKEQWMKKWWEMKRELVGVVEPLPHDETYCDPASLFHVANDYSFIRYYTRTIFEFQFQEALCRIAQHEGPLYKCDISNSTEAGKKLLEMLSFGKSKPWPLALESITGAKNMDVRPLLNYFEPLYTWLKEKNRNSXXXXXXXXXXADQSIKVRISLKSALGEKAYEWNDNEMYLFKSSIAYTMREYFSKAKNLTIPFGXXXXWVSDLKPRISFNFFVTSPQNVSDIIPRTEVEKAIRYRMSRSRINDAFRLDDDSLEFLGIEPTLGTPYQPPVTIWLIVFGVVMGLVVVGIVLLIVAGIRDRRXKNQERSEENPYPPMDLSKGENNLGFQNNDDVQTSF
Coleura afra,QJF77826.1,MSGSSWLFLSLVAVTAAQPPTEEQAKTFLDKFNSEAEKLSYESSLASWNYNTNITDENVQKMNEAGAKFSEFYENQSMLAKAYPLQEIQNRTVKHQLQILQQNXXXXXXXXXSHQLNTILSEMSTIYSTGKVCSPINSQECLLLAITGLENIMHNSTDYNQRLWAWEGWRSEVGTQLRPLYEEYVVLKNEMARGNNYEDYGDYWRGDYETEGTQGYEYSRNQLIEDVDQIFFQIKPLYEHLHAYVRTKLMDVYPSHINPKGCLPAHLLGDMWGRFWTNLYPLTVPFGQKPNIDVTQAMVEQTWDAERIFKEAEMFFTSIGLPKMTEGFWNNSMLTEPSDGRNVVCHPTAWDLGNGDYRIKMCTKVTMEDFLTAHHEMGHIQYDMAYAEQPYLLRSGANEGFHEAVGEIISLSVATPKHLKAMGLLPHDFYEDEETEINFLFKQALNIIGTLPFTYMLEKWRWMVFKGEIPKEQWMEKWWEMKXDIVGVVEPVQHNETYCDPASLFHVANDYSFIRYFTRTIYQFQFQEALCQLARHNGPLHKCDISNSTEAGEKLXXMLRLGKSEPWTLALERIVGKKNMDVRPLLNYFEPLFTWLKDQNRNSXXXXXXXXXXXAESIKVRISLKSALGDKAYEWNDNEMYLFQSSVAYAMREYFLKVKNQTVPFRVEDVWVIDLKPRISFNFSVTVPESVSDVVPRSEVEEAIRNRLSRGRINDAFRLDDSSLEFLGIQPTLGPPYQPPVTVWLVVFGVVMAVVVVGIAVLIFTGIRDRRKKGQATSEENPYSSVNLSKGENNPGFQNGDDVQTSF
Carollia perspicillata,QJF77828.1,MSGSSWLFLSLVAVAAAQTPTEEEARTFLEKFNTEAEELYHELSLASWNYNTNITNENVQKXXXANRKWSTFYEEQSKLAKAYPLETIKDVKVKHQLQDLQQSGSSXXXXXXXXRLNTILNTMSTIYSTGKVCKPKNPQECLLLAVTGLEDIMHNSKDYNERLWAWEGWRSKVGKQLRPLYEEYVVLNNEMAREKNYEDYGDYWRGDYETEGTSGYEYSRKQLIEDVENIFAEIKPLYEHLHAYVRAKLMDTYPSHISPTGCLPAHLLGDMWGRFWTNLYNLTAPFADKPTIDVTAAMVEQSWDAQKIFREAEKFFVSVGLPNMTQGFWDNSMLTKPDDGREVVCHPTAWDLGKNDFRIKMCTKVTMDDFLTAHHEMGHIQYDMAYADQPFLLRNGANEGFHEAVGEIMSLSVATPKHLKVLGLLPSDFQEDNETDINFLLKQALNIVGTLPFTYMLEKWRWMVFKGEIPKEQWMKKWWEMKREIVGVVEPMPHDETYCDPASLFHVANDYSFIRYYTRTILQFQFQEALCRIAQHEGPLHKCDISNSTAAGEKLLXMLKLGKSEPWTRALDTFVGKKKMDVTPLLNYFEPLFTWLKDQNRNSXXXXXXXXXXXXQSIKVRISLKSALGDQAYEWNDNEMFFFKSSIAYAMREYSSNFKNQTVSFGVENVRASDLKPRVSFNFFVTSPDSESDIIPRSEVEEAIRXRKSRSRINDAFRLDDNTLEFVGIQPTLTPPYQPAVTIWLIVFGVVMGMIVVGIVVLIITGIRDRRKXXXXXXEENPYSSVNLSKGENNPGFLNGDDVQTSF
Glossophaga commissarisi,QJF77793.1,MSGSSWLFLSLVAVAAAQTPTEEEARTFLEKFXTEAEELYHQRSLASWDYNTNITDENVRKMNEANQRWSTFYDEKSQLAKAYPLETITDVKIKYQLQALQQSGSSXXXXXXXXXLKTILSTMSTIYSTGKVCKPNNPQECLLLAITGLEDIMHNSKDYNERLWAWEGWRAEVGKQLRPLYEEYVVQKNEMARETDYEDYGDYWRGDYEVEGTSGYGYSRNQLIEDVEDIFFQIKPLYEHLHAYVRAKLMDTYPSHISPTGCLPAHLLGDMWGRFWTNLYNLTAPFPEKPTIDVTAAMVXQSWDAQMIFKKAEEFFRSVGLYNMTQGFWDNSMLTKPDDGREVVCHPTAWDLGKGDFRIKMCTKVTMDDFLTAHHEMGHIQYDMAYASQPFLLRNGANEGFHEAVGEIMSLSVATPKHLKALGLLPSDFHEDNETDINFLLKQALNIVGTLPFTYMLEKWRWMVFKGEIPTDQWMKKWWEMKREIVGVVEPVPHNETYCDPASLFHVANDYSFIRYYTRTIFQFQFQEALCRIAQHEGPLHKCDISNSTAAGEKLLEMLKLGRSEPWTRALNDFVGKKQMDVRPLLNYFEPLFTWLKEQNRNSVGWRTYWSPXXXXSIKVRISLKSALGDKAYEWNDNEMYFFQSSIAYAMREYFSNVKNQTIXFRXEDVRVSDLKPRVSFNFFVTSPNSMLGVIPRSEVEEAIRDRKSRSRINDAFRLDDNSLEFLGIQPTVEPPYQPAVTIWLIIFGVVMGVVVVGIAVLIVTGFKERKXXXXXXXEENPYSSVNLGKGESNPGFQNGDDVQTSF
Tylonycteris robustula,QJF77813.1,MSGSSWLFLSLVAVTAAQSTTEERATIFLEKFNSQAEDLSHESALASWNYNTNITKENAQKMNEADSKWSAFYEEQSKLAQTYPIQEIQNTTIKLQLQVLQQNGSSVLTADKSKRLSTILTTMSTIYSTGKVCXPNNPQECFTFAITGLEDIMEKSKDYHQRFWVWEGWRSEVGKQLRPLYEEYVALKNEMAKGNNYEDYGDYWRGDYETVGADGYNYSRNHLIEDVDRIFLEIKPLYEQLHAYVRAKLMDAYPSRISPTGCLPAHLLGDMWGRFWTNLYDLTVPFEQKPNIDVTDTMKEQSWDAEKIFKEAEKFYTSVGLPPMTPGFWNNSMITEPDDGRQVVCHPTAWDLGKDDFRIKMCTKVTMDDFLTAHHEMGHIQYDMAYASQPYLLRNGANEGFHEAVGEVMSLXXXXXXXXXXXXXLPSDFSEDKETEINFLLKQALNIVGTLPFTYMLEKWRWMVFKGEIPKDQWMEKWWKMKREIVGVVEPLPHNEKYCDPASLFHVANDYSFIRYFTRTILEFQFQEALCQIAKHQGPLHKCDISNSTEAGKKLLEMLKLGKSKPWTFALEQIAGTKKMDATPLLNYFEPLFAWLKEQNGNSVGWXXGXXXDADQSIKVRISLKTALGEKAYEWNDNEMYLFQSSVAYAMRAYFLKEKNQTIHFRAENVLVSDSKKRVSFKFFVTSPTNMSDIIPRSEVEDAIRDRMSRSRINDAFRLDDNTLEFLGVQPTLGPPYEPPVTIWLIVFGVVMGVVVIGIGVLIFTGIRDRRKKNQAGNEENPYSSVNLSKGENNPGFQSGDDAQTSF
Pipistrellus abramus,ACT66266.1,MSSSSWLLLSLVAVAGAQYTTEEEARRFLVKFNHEAENLSHESALASWDYNTNITDENAKKMNEADNKWSDFYKEQSKIAQGFPLQEIKDPIIKLQLQILQQNGSSVLTAEKRKRLSTILTTMSTIYSTGKVCNPNNPQQCFTLSGLEDIMEKSKDYHERLWVWEGWRSEVGKQLRPLYEEYVELKNEMARGNNYKDYGDYWRGDYETEGEKGYNYSRNYLMEDVDRIFLEIKPLYEQLHAYVRAKLMKAYPSHISPTGCLPAHLLGDMWGRFWTNLYNLTVPLEKEPNIDVTDTMKKQSWDAEKIFKEAEKFYSSVGLPNMTPGFWRDSMLTEPSDGRQVVCHPTAWDLGKNDFRIKMCTKVTMDDFLTAHHEMGHIQYDMAYANQSYLLRNGANEGFHEAVGEVMSLSVATPKHLKGMGLLPSDFSENNETEINFLLKQALTIVGTLPFTYMLEKWRWMVFEGKIPKEQWMEKWWEMKREIVGVVEPLPHDETYCDPASLFHVANDYSFIRYFTRTILEFQFQEALCRTAKHQGPLHKCDISNSTEAGKKLNDMLKLGKSTPWTYALEKIAETKEMDAKPLLNYFNPLFRWLKEQNGNSVGWSVDSSPYSNQSIKVRISLKSALGEKAYEWNENEMYLFQSSVAYAMRVYFLKAKNESIPFRAEDVRVSDEKKRVSFKFFVTSPTNMSDIIPRSEVEDAIRMSRSRINDAFRLDDNTLEFLGVQPTLGPPYQPPVTIWLIVFGVVMGVVVIGIGVLIFTGIRDRKKRNQAENEENPYSSVNLSKGENNPGFQSGDDVQTSF
Artibeus hartii,QJF77832.1,MSGSPWLFLSLVAVTAVQAPTEEDARTFLEKFNTEAEELYYESALASWNYNTNITEENVQKMXXXXXXXXXXXXXXXXXXXXXXXXXXXXXXXKHQLQALQQNGLSXXXXXXXXXLNTVINTMSTIYSTGKVCKPDNPQECLLLAVTGLEDIMHNSKDYNERLWAWEGWRSKVGKQLRPLYEEYVALKNEMAREXNYEDYGDYWRGDYETEGTNGYEYSRSQLIEDVENTFAEIKPLYEHLHAYVRAKLMDTYPSHISPTGCLPAHLLGDMWGRFWTNLYNLTAPFADKPTIDVTAAMVEQSWDAQKIFKEAEKFFMSVGLFNMTQGFWDNSMITKPDDGRXVVCHPTAWDLGKNDFRIKMCTKVTMDDFLTVHHEMGHIQYDMAYANQPFLLRNGANEGFHEAVGEIMSLSVATPKHLKVLGLLPSDFHEDNETDINFLLXQALNIVGTLPFTYMLEKWRWMVFRGEIPKEQWMKKWWEMKREIVGVVEPVPHDETYCDPASLFHVANDYSFIRYYTXTIFQFQFQEALCRIAQHEGPLHKCDISNSTAAGEKLLXMLKLGKSEPWTRALETFVEEKQMDVRPLLNYFEPLFTWLKDQNSNSXXXXXXXXXXXXQSIKVRISLKSALGDKAYEWNDNEMYFFQSSIAYAMREYFSDFKNQMIPFRAEDVWVSDLKPRVSFNFFVTLPNNMSDIIPRSEVEEAIRYRKSRGRINDAFRLDDNSLEFLGIQPTLEPPYQPAVTIWLIVFGIVMGVVVAGIAVLVFTGIRDRKKKNQLSNEENPYSSVNLSKGENNPGFQNGDDVQTSF
Lonchophylla robusta,QJF77797.1,MSGSPWLFLSLVAVAAAQTPTEEQARTFLENFNTKAEELYHEMSLAAWNYNTNITDENVQKXXXXXXKWSTFYEEQSKLAXXXXXXXXXXXTVKYQLQALQQNGLSXXXXXKNXTLNTILNRMSTIYSTGKVCKPNNPEECLSLAVTGLEDIMHNSKDYNERLWAWEGWRSKVGKQLRPLYEEYVVLKNEMAREXNYEDYGDYWRADYETKGTKDYEYSRNQLIEDVNKIFQEIKPLYEQLHAYVRAKLMDTYPSQISPTGCLPAHLLGDMWGRFWTNLYPLTAPFPEKPTIDVTAAMVDQSWDAQKIFKEAEKFFMSVGLPSMTQGFWDNSMLTKPDDGREVVCHPTAWDLGKNDFRIKMCTKVTMEDFLTVHHEMGHIQYDMAYAKQPFLLRNGANEGFHEAVGEIMSLSVATPKHLKVLGLLPPDFQEDNETDINFLLKQALNIVGTLPFTYMLEKWRWMVFKGEIPKEQWMKKWWEMKRDIVGVVEPVPHDETYCDPASLFHVANDYSFLRYYTRTIFQFQFQEALCRIAQHEGPLHKCDISNSTAAGQKLHEMLQVGKSEPWTYTLKTLVGEKQMDVRPLLNYFEPLFTWLKEQNRDSLGWNTDWTPDTAQSIKVRISLKSALGXKAYEWNDNEMYFFQSSIAYAMREHFSRSKHQTIPFRAEDVRVSDLKPRVSFNFYVTSSNNMSEVIPRSEVEEAIRCRKSRSRINDAFRLDDNSLEFLGIQPTLEPPYQPAVTIWLIVFGVVMGVVVIGIAVLIVTGIRDRRKXXXXXXEENPYASMNLGKGESNLGFQNGDDVQTSF
Hylonycteris underwoodi,QJF77833.1,MSGSSWLFLSLVAVAAAQTPTEEEARTFLENFNTEAEXLYXQRSLASWNYNTNITDENVGKXXXANQRWSTFYEEKSQLAKAYPLETIKDDKIKHQLQALQQNGLSXXXXXXXXXLDTILNAMSTIYSTGKVCKPNNPQECLLLAITGLEDIMHNSKDYDERLWAWEGWRSEVGKQLRPLYEEYVVLKNEMAREXNYEDYGDYWRGDYETEGTNGYEYSRNQLVKDVESTFAEIKPLYEHLHAYVRSKLMNXYPSHISPTGCLPAHLLGDMWGRFWTNLYDLVAPFPEKPTIDVTAAMVEQSWDAQKIFKKAEEFFRSVGLYNMTQGFWDNSMLTKPDDGREVVCHPTAWDLGKGDFRIKMCTKVTMDDFLTAHHEMGHIQYDMAYASQPFLLRNGANEGFHEAVGEIMSLSVATPKHLKAVGLLPSDFHEDNETDINFLLKQALNIVGTLPFTYMLEKWRWMVFKGEIPTDQWMKKWWEMKREIVGVVEPVYHNETYCDPASLFHVANDYSFIRYYTRTIFQFQFQEALCRIAQHEGPLHKCDISNSTAAGQKLLXMLKLGNSEPWTRALEDFVGEKQMDVRPLLNYFEPLFTWLKDQNRNSXXXXXXXXXXXXXSIKVRISLRSALGDKAYEWNDNEMYFFQSSIAYAMREYFSNVKNETIPFRAEDVRVSDLKPRVSFNFFVTSPNDMLNVXPRSEVEEAIRYRKSRSRINDAFRLNDNSLEFLGIQPTLEPPYQPAVTIWLIVFGVVMGVVVVGIAVLIVTGIRDRRKKDQXSXEENPYSSVNLSKGESNPGFQSGDDVQTSF
Anoura cultrata,QJF77819.1,MSGSSWLFLSLVAVAAAQTPTEEEARTFLENFNTEAEELYHQRSLASWNYNTNITDENMRKXXXANQRWSVFYEEKSQLAKAYPLETIKDDKIKHQLQALQQDGXSXXXXXXXXXLDTILNAMSTIYSTGKVCKPNNPQECLSLAITGLEDIMHNSKDYNERLWAWEGWRSEVGKQLRPLYEEYVVLKNEMAREXNYEDYGNYWRGDYETEGTNGYEYSRDQLAKDVENTFAEIKPLYEQLHAYVRAKLMNTYPSHISPTGCLPAHLLGDMWGRFWTNLYDLTAPFPEKPTIDVTAAMVDQSWDAQKIFKKAEEFFRSVGLYNMTQGFWDNSMLTKPDDGREVVCHPTAWDLGKGDFRIKMCTKVTMDDFLTAHHEMGHIQYDMAYASQPFLLRNGANEGFHEAVGEIMSLSVATPKHLKALGLLPSDFHEDNETDINFLLKQALNIVGTLPFTYMLEKWRWMVFKGEIPTDQWMKKWWEMKREIVGVVEPVYHNETYCDPASLFHVANDYSFIRYYTRTIFQFQFQEALCRIAQHEGPLHKCDISNSTAAGQKLLXMLKLGNSEPWTRALEDFVGEKRMDVRPLLNYFEPLFTWLKEQNRNSXXXXXXXXXXXXXSIKVRISLKSALGDKAYEWNDNEMYFFQSSIAYAMREYFSNVNNQTIPFRXEDVRVSDLKPRVSFNFFVTSPNNMLDVIPRSEVEEAIRXRKSRSRINDAFRLNDNSLEFLGVQPTLEPPYQPAVTIWLIVFGVVMGVVVVGIAVLIVTGIRDRRKXXXXXXEENPYSSXNLSKGESNPGFQNGDDVQTSF
Phyllostomus hastatus,QJF77805.1,MSGSSWLFLSLVAVAAAQTPTEEEARKFLENFNNKAEELYHQSSLAAWNYNTNITDENVQKIXEADQRWSTFYEEQSKLAKNYSLATITDVTVKHQLQALQQNXXXXXXXXXXXXLNTILNTMSTIYSTGKVCKPNNPQECLLLAITGLEDIMHNSKDYNERLWAWEGWRSEVGKQLRPLYEEYVVLKNEMAREXNYEDYGDYWRGDYETEGTSDYGYSRNQLIKDVESTFEEIKPLYENLHAYVRAKLMDTYPSRISPTGCLPAHLLGDMWGRFWTNLYDLTAPFPEKPTIDVTAAMVVQSWDAQRIFKEAEKFFVSVGLFNMTQGFWDNSMLTKPDDGREVVCHPTAWDLGKKDFRIKMCTKVTMDDFLTAHHEMGHIQYDMAYADQPFLLRNGANEGFHEAVGEIMSLSAATPKHLKVLGLLPPDFQEDNETDINFLLKQALNIVGTLPFTYMLEKWRWMVFKGEIPKEQWMKKWWEMKREIVGVVEPVPRNETYCDPAALFHVANDYSFIRYYTRTIFQFQFQEALCRIAQHEGPLHKCDISNSTAAGQKLLEMLKLGKSEPWTRALETFVGKKQMDVKPLLNYFEPLFTWLKDQNRNSXXXXXXXXXXAAQSIKVRISLKSALGGKAYEWNDNEMYFFQSSIAYAMREHFSDLKKQMIPFRAEDVQVYDLKPRVSFNFFVTSPNNTSDIIPRSEVEEAIRYRKSRSRINDAFRLDDNSLEFLGIQPTLEPPYQPAVTIWLIVFGVVMGVVVVGIVVLIFTGIRDRRKXXXXXXEENPYSSMNLSKGESNPGFQNGDDVQTSF
Carollia sowelli,QJF77814.1,MSGSSWLFLSLVAVAAAQTPTEEEARTFLEKFNTEAEELYHELSLASWNYNTNITDENVQKXXXXXXKWSTFYEEQSKLAXXXXXXXXXXXKVKHQLQDLQQSGSSXXXXXXXXRLNTILNTMSTIYSTGKVCKPKNPQECLLLAVTGLEDIMHNSKDYNERLWAWEGWRSKVGKQLRPLYEEYVVLNNEMAREKNYEDYGDYWRGDYETEGTSDYEYSRKQLIEDVENIFFQIKPLYEHLHAYVRAKLMDTYPSHISPTGCLPAHLLGDMWGRFWTNLYNLTAPFADKPTIDVTAAMVEQSWDAQKIFREAEKFFVSVGLPNMTQGFWDNSMLTKPDDGREVVCHPTAWDLGKNDFRIKMCTKVTMDDFLTAHHEMGHIQYDMAYADQPFLLRNGANEGFHEAVGEIMSLSVATPKHLKVLGLLPSDFHEDNETDINFLLKQALNIVGTLPFTYMLEKWRWMVFKGEIPKEQWMKKWWEMKREIVGVVEPMPHDETYCDPASLFHVANDYSFIRYYTRTILQFQFQEALCRIAQHEGPLHKCDISNSTAAGEKLLXMLKLGKSEPWTRALDTFVGKKKMDVRPLLNYFEPLFTWLKDQNRNSXXXXXXXXXXXXQSIKVRISLKSALGDQAYEWNDNEMFFFKSSIAYAMREYSSNFKNQTVPFXVEDVRVSDLKPRXSFNFXVTSPDSASDIIPRSEVEEAIRXRKSRSRINDAFRLDDNTLEFVGIQPTLTPPYQPAVTIWLIVFGVVMGMIVVGIVVLIITGIRDRRKXXXXXXEENPYSSVNLSKGENNPGFLNGDDVQTSF
Anoura geoffroyi,QJF77820.1,MSGSSWLFLSLVAVAAAQTPTEEEARTFLENFNTEAEDLYYQRSLASWNYNTNITDENVGKMNEANQKWSTFYEEKSQLAKAYPLETIKDDKIKHQLQALQQNXXXXXXXXXXXXLDTILNAMSTIYSTGKVCKPNNPQECLLLAITGLEDIMHNSKDYDERLWAWEGWRSEVGKQLRPLYEEYVVLKNEMAREXNYEDYGDYWRGDYETEGTNGYEYSRNQLVKDVESTFAEIKPLYEHLHAYVRSKLMNAYPSHISPTGCLPAHLLGDMWGRFWTNLYDLVAPFPEKPTIDVTAAMVEQSWDAQKIFKKAEEFFRSVGLYNMTQGFWDNSMLTKPDDGREVVCHPTAWDLGKGDFRIKMCTKVTMDDFLTAHHEMGHIQYDMAYASQPFLLRNGANEGFHEAVGEIMSLSVATPKHLKAVGLLPSDFHEDNETDINFLLKQALNIVGTLPFTYMLEKWRWMVFKGEIPTDQWMKKWWEMKREIVGVVEPVYHNETYCDPASLFHVANDYSFIRYYTRTIFQFQFQEALCRIAQHEGPLHKCDISNSTAAGQKLLXMLKLGNSEPWTRALEDFVGEKQMDVRPLLNYFEPLFTWLKDQNRNSXXXXXXXXXXAAQSIKVRISLRSALGDKAYEWNDNEMYFFQSSIAYAMREYFSNVKNETIPFRAEDVRVSDLKPRVSFNFFVTSPNDMLNVVPRSEVEEAIRYRKSRSRINDAFRLNDNSLEFLGIQPTLEPPYQPAVTIWLIVFGVVMGVVVVGIAVLIVTGIRDRRXXXXXXXEENPYSSVNLSKGESNPGFQSGDDVQTSF
Sturnira parvidens,QJF77839.1,MSGSSWLFLSLVAVAAAQTPTEEEARTFLEKFNTEAEELYHESLLASWNYNTNITEENVQKMNEANRKWSTFYEEQSKLAKAYPLETIKDVKVKHQLQALQQNXXXXXXXXXXXXLNTVLNTMSTIYSTGKVCKPNNPQECLLLAVTGLEDIMHNSKDYNERLWAWEGWRSKVGKQLRPLYEEYVVLKNEMARENNYEDYGDYWRGDYETEGTSGYEYSRNQLIEDVENTFAEIKPLYEHLHAYVRSKLMETYPSHISPTGCLPAHLLGDMWGRFWTDLYNLTAPFPEKPTIDVTAAMVEQSWDAQKIFKEAEKFFISVGLYNMTQGFWDNSMLTKPDDGREVVCHPTAWDLGKNDFRIKMCTKVTMDDFLTAHHEMGHIQYDMAYANQPFLLRNGANEGFHEAVGEIMSLSVATPKHLKVLGLLPSDFHEDNETDINFLLKQALNIVGTLPFTYMLEKWRWMVFKGEIPKEQWMKKWWEMKREIVGVVEPVPHDETYCDPASLFHVANDYSFIRYYTRTIFQFQFQEALCRIAQHEGPLHTCDISNSTAAGEKLLXMLKLGKSEPWTRALEGFVDKKQMDVRPLLNYFEPLFTWLKDQNRDSXXXXXXXXXXXXQSIKVRISLKSALGDKAYEWNENEMYFFQSSIVYAMREYFSKFKNQTIPFRAEDVWVSDLKPRVSFNFFITSPNSVSDIIPRSEVEEAIRYRKSRGRINDAFRLDDNSLEFLGIQPTLEPPYQPTVTMWLIVFGVVMGVVVIGIAVLIFTGIRDRRKXXXXXXEENPYSSVNLSKGESNPGFQNGDDVQTSF
Sturnira hondurensis,QJF77837.1,MSGSSWLFLSLVAVAAAQTPTEEEARTFLEKFNTEAEELYHESLLASWNYNTNITEENVQKXNEANRKWSTFYEEQSKLAKAYPLETIKDVKVKHQLQALQQNXXXXXXXXXXXXLNTVLNTMSTIYSTGKVCKPNNPQECLLLAVTGLEDIMHNSKDYNERLWAWEGWRSKVGKQLRPLYEEYVVLKNEMARENNYEDYGDYWRGDYETEGTSGYEYSRNQLIEDVENTFAEIKPLYEHLHAYVRAKLMETYPSHISPTGCLPAHLLGDMWGRFWTDLYSLTAPFPEKPTIDVTAAMVXXSWDAQKIFKEAEKFFISVGLYNMTQGFWDNSMLTKPDDGREVVCHPTAWDLGKNDFRIKMCTKVTMDDFLTAHHEMGHIQYDMAYANQPFLLRNGANEGFHEAVGEIMSLSVATPKHLKVLGLLPSDFHEDNETDINFLLKQALNIVGTLPFTYMLEKWRWMVFKGEIPKEQWMKKWWEMKREIVGVVEPVPHDETYCDPASLFHVANDYSFIRYYTRTIFQFQFQEALCRIAQHEGPLHKCDISNSTAAGEKLLXMLKLGKSEPWTRALEGFVEKQQMDVRPLLNYFEPLFTWLKDQNRDSXXXXXXXXXXXXQSIKVRISLKSALGDKXYEWNENEMYFFQSSIVYAMREYFSKFKNQTIPFRAEDVWVSDLKPRVSFNFFVTSPNSVSDIIPRSEVEEAIRYRKSRGRINDAFRLDDNSLEFLGIQPTLEPPYQPTVTMWLIVFGVVMGVVVIGIAVLIFTGIRDRRKXXXXXXEENPYSSVNLSKGESNPGFQNGDDVQTSF
Micronycteris hirsuta,QJF77798.1,MSGSPWLLLSLVAVAAAQTPTEEEARTFLENFNTKAEELYHQSSLASWNYNTNITDENVRXXXXADQTWSTFYEEESQLAKXXXXXXXXXXXXRRQLQALQQNGLFXXXXXXXXXLNTILNTMSTIYSTGKVCKENNPQECLLLAITGLEDIMHNSKDYNERLWAWEGWRSKVGKQLRPLYEEYVVLKNEMARENNYKDYGDYWRGDYETEGTDGYEYSRDQLIKDVDDXXXQIKPLYEHLHAYVRAKLMNAYPSRISPTGCLPAHLLGDMWGRFWTNLYDLTAPFGEKPTIDVTDAMVKQSWDARRIFEEAEKFFRSVGLFNMTQGFWDNSMLTKPDDGREVVCHPTAWDLGNKDFRIKMCTKVTMDDFLTAHHEMGHIQYDMAYADQAFLLRNGANEGFHEAVGEIMSLSVATPKHLKVLGLLPSDFQEDNETDINFLLKQALNIVGTLPFTYMLEKWRWLVFKGEIPKEQWMEKWWEMKREIVGVVEPMPHDETYCDPASLFHVANDYSFIRYYTRTIFQFQFQEALCQIAQHQGLLHKCDISNSTLAGEKLLEMLKLGKSKPWTRALEDLVGEKKMDVRPLLKYFEPLFTWLKEQNRNSXXXXXXXXXXXXXSIKVRISLKAALGDKAYEWNENEMYFFKASIAYAMREYFLNVTNQTIPFRXEDVWVSNFKPRVSFDFFVTSPTNMSDIIPRSEVEEAIRNRKSRGRINDAFRLDDNSLEFLGIQPTLEPPYQPAVTIWLIVFGVVMGVVVIGIGVLIFTGIRDRRKXXXXXXEENPYSSVNLSKGESNPGFQNGDDVQTSF
Micronycteris schmidtorum,QJF77799.1,MSGSPWLFLSLLAVAAAQTPIEEEARTFLEKFNAKAEELYHRSSLASWNYNTNITDENVQAXXXXXXXXXXXXXXXXXXXXXXXXXXXXXXXXRRQLQALQQNGLLXXXXXKNXNLTSILNTMSTIYSTGKVCKQNNPQECLLLAITGLEDIMQNSKDYNERLWAWEGWRSKVGKQLRPLYEEYVVLKNEMAREXNYEDYGDYWRGDYETEGTDGYGYSRNQLIEDVXXXXXXIKPLYEQLHAYVRAKLMNAYPSRISPTGCLPAHLLGDMWGRFWTNLYNLTAPFGEKPTIDVTDAMVKQSWDAQRIFKEAEKFFRSVGLFNMTQGFWDNSMLTKPDDGREVVCHPTAWDLGKKDFRIKMCTKVTMDDFLTAHHEMGHIQYDMAYADQPFLLRNGANEGFHEAVGEIMSLSVATPKHLKVLGLLPSDFQEDNETDINFLLKQALNIVGTLPFTYMLEKWRWLVFKGEIPKEQWMKKWWEMKREIVGVVEPMPHDETYCDPASLFHVANDYSFIRYYTRTIFQFQFQEALCRIAQHQGPLHKCDISNSTLAGEKLLEMLKLGKSKPWTRALEDLVGEKKMDVRPLLKYFEPLFTWLKEQNRNSXXXXXXXXXXXXXSIKVRISLKSALGDKAYEWNDNEMYFFRSSIAYAMRKYFFKSKKQMIPFGXEDVRVSDFKPRISFNFFVTSPTNMSDIIPRSEVEEAIRNRDSRGRINDAFQLDDNSLEFLGIQTTLEPPYQPAVTVWLIVFGVVMGVVVIGIGVLIFTGIRDRRKKNEASSEENPYSSVNLSRGESNPGFQNGNDVQTSF
Centronycteris centralis,QJF77790.1,MSGSSWLFLSLVAVTAAQSPTEEQAKKFLDNFNNEVEQLSFESSLASWNYNTNITDENVQKMNEAGAKFSAFYENQTKHAQNYPLQEIQNPTIRRQLQILQQNXXXXXXXXXXXXLNTILSTMSTIYSTGKVCSPNNPKECLLLAITGLDNIMHNSSDYNQRLWAWEGWRSQVGKQLRPLYEEYVDLKNELARGNNYEDYGDYWRGDYETEGTVSYEYSRNQLIEDVERIFFQIKPLYEHLHAYVRTKLMDVYPSRISPTGCLPAHLLGXXXXXXXXXXXXXXXXXXXXXXXXXXXXXXXXAWDAERIFKEAEKFFMSVGLPNMTEGFWKNSMLTEPSDGRNVVCHPTAWDLGKNDFRIKMCTKVTMDDFLTAHHEMGHIQYDMAYAQQPYLLRSGANEGFHEAVGEIMSLSVATPKHLKAMGLLPPDFYEDSETEINFLLKQALSIVGTLPFTYMLEKWRWDVFKGKIPKEQWMKKWWEMKREMVGVVEPMPHDETYCDPASLFHVANDYSFIRYFTRTIYQFQFQEALCQIAQHEGDLHKCDISNSTEAGEKLLEMLRLGKSKPWTLALQSIVGKKNMDVKPLLNYFKPLSTWLEEQNRNSXXXXXXXXXXSEQSIKVRISLKSALGDKAYEWNDNEMYLFRSSVAYAMREYFLKAKNETVPFREEDVWVSGLKPRISFNFFVTSPKNLSDIIPRSEVEEAIRNRMSRSRINDAFRLDDNSLEFLGIQPTLGPPYQPPVTIWLIVFGVVMGVVVFGIAMLIFTGIRDRRXKRQATSEENPYPSVNLSKGENNPGFQNGDDVQTSF
Thyroptera tricolor,QJF77812.1,PDXXVKHQLQALQQNKLTVYXXXXXXXLNTVLNTMSTIYSTGKVCKQNDPQECLLLAITGLEDIMEKSKDYNERLWAWEGWRSQVGKQLRPLYEEYVFLKNEFAXXXXYEDYGDYWRGDYEIQGQGDYDYSRNQLIKDVERTFEEIKPLYEHLHAYVRAKLMDAYPSHISPTGCLPAHLLGDMWGRFWTDLYNLTVPFGEKPNIDVTDAMVNQSWDAKRIFKEAEKFFMSVGLYNMTQGFWDNSMLTKPADGREVVCHPTAWDLGKGDFRIKMCTKVTMQDFLTAHHEMGHIQYDMAYATQPYLLRNGANEGFHEAVGEIMSLSAATPKHLKALGLLPSDFIEDNETDINFLLKQALNIVATLPFTYMLEKWRWMVFQGDIPKEQWMEKWWEMKRDIVGVVEPVPHDEAYCDPASLFHVANDYSFIRYYTRTIFQFQFQEALCKEAQHEGPLHKCDISNSTKAGQKLLEMLKLGKSKPWTYALESVVGTKTMDVGPLLNYFKPLYTWLQEQNKNSLGWNTYWSPXXXQSIKVRISLKSALGXXXYEWNENEMYFFKSSIAYAMREYFSKVKHQMVPFGVDDVWVSDFKPRVSFNFYVTAPANMSDIIPRSEVEXAVRYRMSRGRINDAFRLTDNSLEFLGVQPTLGPPYQPPVTIWLIVFGAVMGVVVFGIAVLIFTGIRDRRRXXXASSEENPYGSMELSKGENNPGFQNGDESQTAF
Sturnira ludovici,QJF77838.1,MSGSSWLFLSLVAVAAAQTPTEEEARTFLEKFNTEAEELYHESLLASWNYNTNITEENVQKXNEANRKWSTFYEEQSKLAKAYPLETIKDVKVKHQLQALQQNXXXXXXXXXXXXLNTVLNTMSTIYSTGKVCKPNNPQECLLLAVTGLEDIMHNSKDYNERLWAWEGWRSKVGKQLRPLYEEYVVLKNEMARENNYEDYGDYWRGDYETEGTSGYEYSRNQLIEDVENTFAEIKPLYEHLHAYVRAKLMETYPSHISPTGCLPAHLLGKXXXXXXXXXXXXXXXXXXXXXXXXXTPQVXQSWDAQKIFKEAEKFFISVGLYNMTQGFWDNSMLTKPDDGREVVCHPTAWDLGKNDFRIKMCTKVTMDDFLTAHHEMGHIQYDMAYANQPFLLRNGANEGFHEAVGEIMSLSVATPKHLKVLGLLPSDFHEDNETDINFLLKQALNIVGTLPFTYMLEKWRWMVFKGEIPKEQWMKKWWEMKREIVGVVEPVPHDETYCDPASLFHVANDYSFIRYYTRTIFQFQFQEALCRIAQHEGPLHKCDISNSTAAGEKLLXMLKLGKSEPWTRALEGFVEKQQMDVRPLLNYFEPLFTWLKDQNRDSXXXXXXXXXXXXQSIKVRISLKSALGDKXYEWNENEMYFFQSSIVYAMREYFSKFKNQTIPFRAEDVWVSDLKPRVSFNFFVTSPNSVSDIIPRSEVEEAIRYRKSRGRINDAFRLDDNSLEFLGIQPTLEPPYQPTVTMWLIVFGVVMGVVVIGIAVLIFTGIRDRRKXXXXXXEENPYSSVNLSKGESNPGFQNGDDVQTSF
Micronycteris microtis, QJF77800.1,MSGSPWLLLSLVAVAAAQTPTEEEARKFLEAFNTEAEELYHQSSLASWNYNTNITDENVQTXXXADQXWSTFYEEKSQLAKXXXXXXXXXXXXRRQLQALQXXXXXXXXXXXXXXLNTILNTMSTIYSTGKVCKENNPQECLLLAITGLEDIMHNSKDYNERLWAWEGWRSKVGKQLRPLYEEYVDLKNEMAREXNYQDYGDYWRGDYETEGMDGYGYSRDQLIEDVXXXXXXIKPLYEHLHTYVRAKLMNAYPSRISPTGCLPAHLLGDMWGRFWTNLYDLTAPFGEKPTIDVTDAMVKQSWDAQRIFKEAEEFFRSVGLYNMTQGFWDNSMLTKPDDGREVVCHPTAWDLGKKDFRIKMCTKVTMDDFLTAHHEMGHIQYDMAYADQPFLLRNGANEGFHEAVGEIMSLSVATPKHLKVLGLLPSDFQEDNETDINFLLKQALNIVGTLPFTYMLEKWRWLVFKGEIPKEQWMKKWWEMKREIVGVVEPMPHDETYCDPASLFHVANDYSFIRYYTRTIFQFQFQEALCRIAQHDGPLHKCDISNSTLAGEKLLEMLKSGKSKPWTRALEELVGEKKMDVRPLLNYFEPLFTWLKEQNRNSXXXXXXXXXXXXXXXXXXXXXXXXXXXXXXKWDENEMYFFKASIAYAMREYFSHLKNQTIPFRXEDVWVSDLKPRVSFNFFVTSPTNMSDIIPRSVVEEAIRYSEYRGRINAAFRLDDNSLEFLGIQPTLEPPYQPAVTIWLIVFGVVMGVVVIGIGVLIFTGIRDRRKXXXXXXEENPYSSVNLSKGESNPGFQNGDDVQTSF
Pipistrellus javanicus,QJF77817.1,LFLSLVAVTAAQSTPEELAKTFLEKFNTEAEDLFYQSSLASWDFNTNIIDENVQKMNEADSKWSAFYKEQSKLAQAFPLQEIQNRTIKLQLQILQQNGSSVLTAEKSKRLSTILTTMSTIYSTGKVCNPNNPQQCFTLSVTGLEDIMEKSKDYHERLWVWEGWRSEVGKQLRPLYEEYVELKNEMARGNNYKDYGDYWRGDYETEGENGYNYSRNYLMEDVDRIFLEIKPLYEQLHAYVRAKLMKAYPSHISPTGYLPAHLLGDMWGRFWTNLXXXXXXXXXXPNIDVTVFFXXQSWDAEKIFKEAEKFYLSVGLPNMTSGFWSNSMLTEPSDGRQVVCHPTAWDLGNKDFRIKMCTKVTMDDFLTAHHEMGHIQYDMAYADQPYLLRNGANEGFHEAVGEVMSLSVATPKHLKGMGLLPPDFSENNETEINFLLKQALTIVGTLPFTYMLEKWRWMVLEGKIPKEQWMEKWWEMKREIVGVVEPLPHDETYCDPASLFHVFYXXXXXXYFTRTILEFQFQEALCKIAKHQGPLHKCDISNSTEAGKKLGXMLELGKSKPWTYALEKIAGTKEMDAKPLLNYFNPLFRWLKEQNGNSVGWXXXXXXXTDQSIKVRISLKSALGEKAYEWNENEMYLFQSSXXXXXXXXXXXXXXXXXXXRAEDVRVSDEKKRVSFKFFVTSPTNMSDIIPRSEVEDAIRDRMSRSRINDAFRLDDNTLEFLGVQPTLGPPYQPPVTIWLIVFGVVMGVVVIGIGVLIFTGIRDRKKRNQAENEENPYSSVNLSK
Myotis daubentonii,ADN93476.1,MSGSSWLLLSLVAVAAAQSSTEEKAKIFLDNFNSKAEDLSHESALASWDYNTNITDENVQKMNEADSKWSAFYEQQSKLAQTYPLQEIQNPTIKRQLQVLQQNGSSVLSPDKSKQLNTILTKMSTIYSTGKVCNPNNPQECFTLAGLEDIMEKSKDYNQRLWVWEGWRSEVGKQLRPLYEEYVDLKNEMARGNNYEDYGDYWRGDYETEGKDGYSYSRHQLIEDVERIFLEIKPLYEHLHAYVRAKLMNAYPSRISPTGYLPAHLLGDMWGRFWTNLYDLTVPFEQKPNIDVTGAMVEQSWDAEKIFKEAEKFYISVGLPSMTPGFWNNSMLTEPGDGRKVVCHPTAWDLGKGDFRI
Hipposideros pratti,ADN93473.1,MSGSSWLLLSLVAVAAAQSNSEDLAKEFLDKFNTEAEDLSHLSSLASWDYNTNITDENVQKMNEAGAKWSAFYEEQCKRAKDYRLEDIQNPTIKRQLQILQQSASPVLSEEKSKRLNTILDTMSTIYSTGKVCKPNNPEECLLLEPGLDNIMASSTDYNERLWAWEGWRSEVGKQLRPFYEEYVALKNEMARGYQYEDYGDYWRSDYETEGTSGFQYSRDQLMRDVERIFEEIKPLYVQLHAYVRSKLMDTYPSHISPTGGLPAHLLGDMWGRFWTNLYPLTVPYGQKPNIDVTDAMVNQKWDAKKIFQEAEKFFVSVGLPNMTKGFWENSMLTEPGDGRKVVCHPTAWDLGKGDFRI
